ANO,SG_UF_ESC,DEPENDENCIA,N_INSCRITOS,N_PARTICIPANTES_D1,N_PARTICIPANTES_D2,N_PARTICIPANTES_D1D2,PERC_PARTIC_D1,PERC_PARTIC_D2,PERC_PARTIC_D1D2,MEDIA_CH,MEDIA_LC,MEDIA_CN,MEDIA_MT,MEDIA_REDACAO,MEDIA_GERAL,MEDIA_COMP1,MEDIA_COMP2,MEDIA_COMP3,MEDIA_COMP4,MEDIA_COMP5,N_REDACOES,N_RED_SEM_PROBLEMAS,N_RED_ANULADA,N_RED_COPIA_TEXTO_MOTIVADOR,N_RED_EM_BRANCO,N_RED_FERE_DH,N_RED_FUGA_TEMA,N_RED_TIPO_TEXTUAL,N_RED_TEXTO_INSUFICIENTE,N_RED_PARTE_DESCONECTADA,PERC_RED_SEM_PROBLEMAS,PERC_RED_ANULADA,PERC_RED_COPIA_TEXTO_MOTIVADOR,PERC_RED_EM_BRANCO,PERC_RED_FERE_DH,PERC_RED_FUGA_TEMA,PERC_RED_TIPO_TEXTUAL,PERC_RED_TEXTO_INSUFICIENTE,PERC_RED_PARTE_DESCONECTADA
2016,AC,Estadual,9212,7732,7560,7544,"83,93","82,07","81,89","501,11","492,16","448,85","441,93","489,53","475,06","110,92","104,82","98,72","105,7","69,37",7560,7340,5,13,78,11,88,6,7,12,"97,09","0,07","0,17","1,03","0,15","1,16","0,08","0,09","0,16"
2016,AC,Federal,182,165,164,164,"90,66","90,11","90,11","551,38","528,18","492,56","484,72","579,88","527,55","123,78","124,88","118,41","122,93","89,88",164,164,0,0,0,0,0,0,0,0,100,0,0,0,0,0,0,0,0
2016,AC,Municipal,30,11,13,11,"36,67","43,33","36,67","479,24","484,59","431,44","428,86","427,69","451,65","101,54","90,77","84,62","93,85","56,92",13,13,0,0,0,0,0,0,0,0,100,0,0,0,0,0,0,0,0
2016,AC,Privada,676,666,657,656,"98,52","97,19","97,04","580,27","557,12","529,82","530,47","634,16","566,7",134,"132,88","128,34","133,7","105,24",657,653,1,0,2,0,1,0,0,0,"99,39","0,15",0,"0,3",0,"0,15",0,0,0
2016,AL,Estadual,18161,14705,14496,14465,"80,97","79,82","79,65","493,11","481,3","444,74","440,25","488,23","469,71","111,96","105,25","98,66","104,22","68,15",14496,14078,5,22,171,16,143,6,19,36,"97,12","0,03","0,15","1,18","0,11","0,99","0,04","0,13","0,25"
2016,AL,Federal,1368,1288,1282,1281,"94,15","93,71","93,64","575,32","548,58","525,13","544,61","645,9","568,11","136,93","135,73","130,97","134,95","107,33",1282,1279,0,0,1,0,0,0,0,2,"99,77",0,0,"0,08",0,0,0,0,"0,16"
2016,AL,Municipal,67,33,33,32,"49,25","49,25","47,76","482,55","503,3","441,72","431,41","461,82","466,39","110,3","100,61","96,97","98,79","55,15",33,33,0,0,0,0,0,0,0,0,100,0,0,0,0,0,0,0,0
2016,AL,Privada,6000,5845,5819,5813,"97,42","96,98","96,88","557,53","537,72","506,48","519,93","622,56","549,01","133,85","131,27","126,1","130,33","101,02",5819,5782,1,5,20,3,4,1,0,3,"99,36","0,02","0,09","0,34","0,05","0,07","0,02",0,"0,05"
2016,AM,Estadual,36809,28512,27806,27628,"77,46","75,54","75,06","500,81","490,48","448,37","444,77","491,87","475,63","115,29","106,01","99,75","106,8","64,02",27806,26850,10,84,284,29,435,10,48,56,"96,56","0,04","0,3","1,02","0,1","1,56","0,04","0,17","0,2"
2016,AM,Federal,1154,1045,1033,1030,"90,55","89,51","89,25","557,69","536,89","498,78","517,63","581,29","538,57","131,53","122,83","118,5","124,91","83,52",1033,1025,1,0,4,1,2,0,0,0,"99,23","0,1",0,"0,39","0,1","0,19",0,0,0
2016,AM,Municipal,355,193,188,187,"54,37","52,96","52,68","458,39","454,74","434,87","428,82","387,13","433,45","94,36","83,4","78,51","83,94","46,91",188,167,0,5,3,1,11,0,0,1,"88,83",0,"2,66","1,6","0,53","5,85",0,0,"0,53"
2016,AM,Privada,3185,2769,2726,2714,"86,94","85,59","85,21","578,59","559,39","526,23","539,08","614,94","564,66","135,14","129,91","124,94","130,38","94,57",2726,2696,0,2,10,2,12,0,1,3,"98,9",0,"0,07","0,37","0,07","0,44",0,"0,04","0,11"
2016,AP,Estadual,9716,8064,7907,7868,83,"81,38","80,98","497,29","483,88","446,53","440,7","492,25","472,48","113,92","106,02","99,49","105,4","67,42",7907,7665,5,8,111,10,80,3,12,13,"96,94","0,06","0,1","1,4","0,13","1,01","0,04","0,15","0,16"
2016,AP,Federal,324,310,308,307,"95,68","95,06","94,75","563,36","544,42","503,09","510,07","614,87","547,46","134,55","131,04","125,39","129,22","94,68",308,307,0,0,1,0,0,0,0,0,"99,68",0,0,"0,32",0,0,0,0,0
2016,AP,Municipal,9,9,9,9,100,100,100,"464,62","460,73","403,83","392,19","431,11","430,5","93,33","97,78","86,67","93,33",60,9,8,0,0,1,0,0,0,0,0,"88,89",0,0,"11,11",0,0,0,0,0
2016,AP,Privada,1123,1052,1046,1045,"93,68","93,14","93,05","562,76","543,43","509,2","504,99","619,02","548,07","133,44","131,2","125,14","130,69","98,55",1046,1036,0,1,2,0,5,0,2,0,"99,04",0,"0,1","0,19",0,"0,48",0,"0,19",0
2016,BA,Estadual,89008,71397,70389,70066,"80,21","79,08","78,72","508,55","493,82","453,78","450,91","498,61","481,42","113,26","106,94","101,36","106,88","70,16",70389,68630,27,125,694,73,588,24,94,134,"97,5","0,04","0,18","0,99","0,1","0,84","0,03","0,13","0,19"
2016,BA,Federal,2410,2254,2242,2239,"93,53","93,03","92,9","597,28","565,04","545,82","562,41","670,25","588,27","139,76","140,59","137,07","140,71","112,12",2242,2235,0,1,3,1,1,0,1,0,"99,69",0,"0,04","0,13","0,04","0,04",0,"0,04",0
2016,BA,Municipal,1266,875,861,860,"69,12","68,01","67,93","486,93","477,53","442,18","437,53","462,54","461,66","106,79","99,78","94,07","100,31","61,6",861,827,0,2,6,1,21,0,1,3,"96,05",0,"0,23","0,7","0,12","2,44",0,"0,12","0,35"
2016,BA,Privada,15585,15066,15016,14998,"96,67","96,35","96,23","590,56","562,92","545,09",562,"661,95","584,67","138,09","139,27","135,57","139,07","109,95",15016,14950,4,5,22,13,11,3,3,5,"99,56","0,03","0,03","0,15","0,09","0,07","0,02","0,02","0,03"
2016,Brasil,Estadual,1501490,1193599,1171653,1167229,"79,49","78,03","77,74","516,96","506,53","460,49","465,64","507,05","491,66","116,41","107,99","102,39","108,9","71,36",1171653,1142421,320,1889,12101,1132,9785,402,1723,1880,"97,51","0,03","0,16","1,03","0,1","0,84","0,03","0,15","0,16"
2016,Brasil,Federal,38740,36659,36430,36375,"94,63","94,04","93,9","595,16","568,51","549,24","584,61","654,43","590,59","137,73","136,55","132,75","137,21","110,18",36430,36271,2,3,62,12,33,5,18,24,"99,56","0,01","0,01","0,17","0,03","0,09","0,01","0,05","0,07"
2016,Brasil,Municipal,21633,15958,15605,15545,"73,77","72,14","71,86","525,72","515,44","469,56","481,19","513,33","501,47","117,54","108,84","103,45","109,81","73,69",15605,15189,1,29,137,27,169,5,22,26,"97,33","0,01","0,19","0,88","0,17","1,08","0,03","0,14","0,17"
2016,Brasil,Privada,319360,302378,300493,300043,"94,68","94,09","93,95","589,56","567,21","545,11","574,91","650,94","585,8","137,81","136,09","132,19","136,86","107,99",300493,299001,21,113,608,180,321,17,121,111,"99,5","0,01","0,04","0,2","0,06","0,11","0,01","0,04","0,04"
2016,CE,Estadual,110104,84699,82962,82678,"76,93","75,35","75,09","501,11","491,97","457,47","454,18","490,4","479,44","110,68","104,45","98,52","104,19","72,56",82962,79299,94,321,1552,87,1200,24,201,184,"95,58","0,11","0,39","1,87","0,1","1,45","0,03","0,24","0,22"
2016,CE,Federal,692,647,640,640,"93,5","92,49","92,49","596,95","572,23","552,34","599,53","667,47","597,75","140,03","138,41","134,75","139,91","114,38",640,636,0,0,2,0,1,0,1,0,"99,38",0,0,"0,31",0,"0,16",0,"0,16",0
2016,CE,Municipal,497,269,251,251,"54,12","50,5","50,5","492,74","487,81","444,59","446,58","447,65","464,66","105,58","94,82","88,29","96,49","62,47",251,240,1,0,3,0,6,0,1,0,"95,62","0,4",0,"1,2",0,"2,39",0,"0,4",0
2016,CE,Privada,12123,11560,11508,11497,"95,36","94,93","94,84","590,22","561,33","550,59","578,25","690,48","594,37",142,"142,36","138,75","144,79","122,59",11508,11464,1,5,16,2,10,0,6,4,"99,62","0,01","0,04","0,14","0,02","0,09",0,"0,05","0,03"
2016,DF,Estadual,25455,21479,21185,21069,"84,38","83,23","82,77","530,59","519,06","467,19","473,54","531,7","504,82","120,28","112,02","106,91","113,3","79,19",21185,20751,1,21,212,16,129,9,20,26,"97,95",0,"0,1",1,"0,08","0,61","0,04","0,09","0,12"
2016,DF,Federal,562,495,495,493,"88,08","88,08","87,72","606,73","582,42","571,09","615,9","662,01","607,87","140,09","138,6","135,17","139,94","108,2",495,494,0,0,1,0,0,0,0,0,"99,8",0,0,"0,2",0,0,0,0,0
2016,DF,Privada,9293,8749,8672,8660,"94,15","93,32","93,19","601,41","583,02","553,76","590,25","651,27","596,3","138,31","135,49","131,69","136,97","108,82",8672,8624,0,1,15,7,15,1,4,5,"99,45",0,"0,01","0,17","0,08","0,17","0,01","0,05","0,06"
2016,ES,Estadual,32684,27604,27316,27188,"84,46","83,58","83,18","520,07","503,77","467,09",469,"503,43","492,92","115,69","106,43","101,12","107,99","72,19",27316,26423,3,58,418,28,274,13,60,39,"96,73","0,01","0,21","1,53","0,1",1,"0,05","0,22","0,14"
2016,ES,Federal,1549,1493,1488,1487,"96,38","96,06",96,"608,64","574,22","580,71","627,94","674,35","613,5","139,98","139,4","136,6","141,32","117,04",1488,1482,0,0,2,1,1,0,0,2,"99,6",0,0,"0,13","0,07","0,07",0,0,"0,13"
2016,ES,Municipal,102,76,72,72,"74,51","70,59","70,59","521,27","498,71","460,67","467,66","474,17","485,19","111,67","99,44","96,39","100,83","65,83",72,70,0,0,1,0,0,0,0,1,"97,22",0,0,"1,39",0,0,0,0,"1,39"
2016,ES,Privada,5079,4989,4978,4971,"98,23","98,01","97,87","601,27","572,1","563,69","603,34","662,78","600,75","138,62","137,01","133,57","139,29","114,3",4978,4953,1,1,11,3,6,0,3,0,"99,5","0,02","0,02","0,22","0,06","0,12",0,"0,06",0
2016,GO,Estadual,50800,40845,39912,39816,"80,4","78,57","78,38","514,07","504,93","458,51","464,63","502,5","489,29","114,63","107,3","101,7","108,04","70,82",39912,39011,9,38,379,53,307,11,52,52,"97,74","0,02","0,1","0,95","0,13","0,77","0,03","0,13","0,13"
2016,GO,Federal,1226,1148,1139,1138,"93,64","92,9","92,82","586,29","559,64","532,61","558,78","637,03","575,22","133,77","132,8","128,53","133,57","108,36",1139,1133,0,0,2,1,1,0,1,1,"99,47",0,0,"0,18","0,09","0,09",0,"0,09","0,09"
2016,GO,Municipal,385,272,269,267,"70,65","69,87","69,35","516,29","508,15","473,27","473,55","499,11","494,76","113,83","105,8","100,45","106,99","72,04",269,258,0,0,6,0,5,0,0,0,"95,91",0,0,"2,23",0,"1,86",0,0,0
2016,GO,Privada,11785,11110,11046,11034,"94,27","93,73","93,63","586,27","564,14","544,93","566,43","661,64","584,88","137,21","138,04","134,12","138,79","113,48",11046,10995,1,3,16,8,13,1,3,6,"99,54","0,01","0,03","0,14","0,07","0,12","0,01","0,03","0,05"
2016,MA,Estadual,53024,42712,42229,41998,"80,55","79,64","79,21","491,33","479,48","448,31","439,3","470,57","466,06","109,04","101,35","95,51","101,97","62,7",42229,40633,9,107,450,33,793,22,75,107,"96,22","0,02","0,25","1,07","0,08","1,88","0,05","0,18","0,25"
2016,MA,Federal,2546,2397,2382,2377,"94,15","93,56","93,36","561,25","538,96","506,93","507,87","605,68","544,23","129,74","127,53","123,38","127,62","97,42",2382,2367,0,1,2,1,4,0,3,4,"99,37",0,"0,04","0,08","0,04","0,17",0,"0,13","0,17"
2016,MA,Municipal,565,415,411,408,"73,45","72,74","72,21","479,74","469,76","440,1","429,54","428,52","449,46","101,36","93,48","86,33","92,9","54,45",411,380,0,4,6,3,16,1,0,1,"92,46",0,"0,97","1,46","0,73","3,89","0,24",0,"0,24"
2016,MA,Privada,6373,5958,5912,5900,"93,49","92,77","92,58","563,05","539,48","513,21","515,74","626,51","551,92","133,02","132,04","127,88","132,9","100,68",5912,5855,1,12,19,4,11,1,3,6,"99,04","0,02","0,2","0,32","0,07","0,19","0,02","0,05","0,1"
2016,MG,Estadual,150164,119430,117213,116926,"79,53","78,06","77,87","524,65","514,39","467,67","479,41","517,51","501,05","118,61","109,59","104,31","111,33","73,67",117213,114798,20,203,985,100,762,36,130,179,"97,94","0,02","0,17","0,84","0,09","0,65","0,03","0,11","0,15"
2016,MG,Federal,4986,4860,4842,4836,"97,47","97,11","96,99","614,3","583,84","578,83","637,89","686,87","620,52","141,71",142,"138,56","144,38","120,23",4842,4829,0,0,6,2,4,0,0,1,"99,73",0,0,"0,12","0,04","0,08",0,0,"0,02"
2016,MG,Municipal,2635,2000,1966,1959,"75,9","74,61","74,35","538,31","524,74","483,81","498,54","534,66","516,44","121,04","112,39","107,75","114,41","79,07",1966,1927,0,3,16,1,11,1,2,5,"98,02",0,"0,15","0,81","0,05","0,56","0,05","0,1","0,25"
2016,MG,Privada,24210,23435,23337,23323,"96,8","96,39","96,34","613,53","583,39","577,54","629,52","705,62","622,07","143,84","146,34","143,17","147,74","124,53",23337,23265,1,8,17,13,16,0,12,5,"99,69",0,"0,03","0,07","0,06","0,07",0,"0,05","0,02"
2016,MS,Estadual,22102,18157,17787,17721,"82,15","80,48","80,18",516,"505,65","460,08","467,49","499,48","490,05","115,65","106,31","100,92","108,09","68,51",17787,17372,3,27,131,20,174,8,23,29,"97,67","0,02","0,15","0,74","0,11","0,98","0,04","0,13","0,16"
2016,MS,Federal,612,581,572,572,"94,93","93,46","93,46","590,9","572,43","545,55","588,47","650,31","589,91","137,03","134,76","131,75","137,06","109,72",572,569,0,0,1,0,0,0,0,2,"99,48",0,0,"0,17",0,0,0,0,"0,35"
2016,MS,Municipal,80,62,63,62,"77,5","78,75","77,5","500,53","489,82","460,72","457,25","436,83","469,15","102,54","94,6","90,16","93,02","56,51",63,60,0,0,1,0,1,1,0,0,"95,24",0,0,"1,59",0,"1,59","1,59",0,0
2016,MS,Privada,4049,3631,3577,3572,"89,68","88,34","88,22","578,06","556,77","537,35",565,"646,81","577,46","135,6","134,59","130,81","136,07","109,73",3577,3531,0,2,21,3,17,0,1,2,"98,71",0,"0,06","0,59","0,08","0,48",0,"0,03","0,06"
2016,MT,Estadual,27275,22092,21649,21524,81,"79,37","78,91","506,89","493,91","453,1","457,96","486,04","480,04","112,96","104,28","98,03","104,33","66,44",21649,20905,8,32,330,34,240,11,46,43,"96,56","0,04","0,15","1,52","0,16","1,11","0,05","0,21","0,2"
2016,MT,Federal,1164,1116,1109,1108,"95,88","95,27","95,19","577,84","550,41","523,95","542,3","630,06","565,05","132,91","132,89","127,25","131,06","105,95",1109,1103,0,0,3,1,1,0,1,0,"99,46",0,0,"0,27","0,09","0,09",0,"0,09",0
2016,MT,Municipal,121,82,78,77,"67,77","64,46","63,64","490,46","471,34","442,9","440,6","415,9","452,78","99,49","92,05","83,85","88,97","51,54",78,72,0,1,0,2,2,0,1,0,"92,31",0,"1,28",0,"2,56","2,56",0,"1,28",0
2016,MT,Privada,4126,3895,3873,3870,"94,4","93,87","93,8","575,41","547,98","528,68","553,57","647,34","570,8","135,97","135,84","131,37","135,6","108,55",3873,3846,0,4,9,4,7,0,2,1,"99,3",0,"0,1","0,23","0,1","0,18",0,"0,05","0,03"
2016,PA,Estadual,63890,52017,51201,51015,"81,42","80,14","79,85","502,2","486,92","451,39","444,24","487,09","474,64","110,63","104,36","98,49","104,53","69,08",51201,49669,13,134,515,54,587,22,90,117,"97,01","0,03","0,26","1,01","0,11","1,15","0,04","0,18","0,23"
2016,PA,Federal,917,861,856,854,"93,89","93,35","93,13","591,17","557,36","538,33","543,78","647,41","575,8","134,65","135,26","131,75","135,68","110,07",856,850,0,0,0,0,2,0,1,3,"99,3",0,0,0,0,"0,23",0,"0,12","0,35"
2016,PA,Municipal,2360,1697,1660,1652,"71,91","70,34",70,"487,01","473,99","440,85","435,91","447,25","457,17","104,07","96,67","90,37","96,41","59,72",1660,1595,0,8,19,5,21,0,4,8,"96,08",0,"0,48","1,14","0,3","1,27",0,"0,24","0,48"
2016,PA,Privada,11821,11206,11148,11137,"94,8","94,31","94,21","576,74","545,18","526,13","526,34","648,61","564,83","134,64","135,01","131,2","136,47","111,29",11148,11060,1,9,34,9,19,1,7,8,"99,21","0,01","0,08","0,3","0,08","0,17","0,01","0,06","0,07"
2016,PB,Estadual,24553,21285,21012,20981,"86,69","85,58","85,45","504,41","494,15","452,34","450,69","508,29","482,15","115,54","108,24","102,09","107,91","74,51",21012,20520,4,42,215,13,142,5,28,43,"97,66","0,02","0,2","1,02","0,06","0,68","0,02","0,13","0,2"
2016,PB,Federal,1215,1160,1149,1147,"95,47","94,57","94,4","582,9","555,52","525,46","546,59","649,5","572,48","136,6","135,22","131,06","134,74","111,87",1149,1142,0,0,4,0,2,0,0,1,"99,39",0,0,"0,35",0,"0,17",0,0,"0,09"
2016,PB,Municipal,272,208,202,201,"76,47","74,26","73,9","497,97","488,78","450,82","447,14","469,41","471,71","107,13","100,69","94,36",100,"67,23",202,192,0,0,5,0,3,0,1,1,"95,05",0,0,"2,48",0,"1,49",0,"0,5","0,5"
2016,PB,Privada,7200,7029,7005,7001,"97,62","97,29","97,24","578,84","550,9","533,67","550,4","670,89","577,09","139,38","139,72","135,6","139,59","116,6",7005,6969,0,6,18,1,5,0,5,1,"99,49",0,"0,09","0,26","0,01","0,07",0,"0,07","0,01"
2016,PE,Estadual,69188,56490,55711,55502,"81,65","80,52","80,22","510,22","500,98","460,18","456,89","505,9","487,16","114,39","108,27","102,39","107,55","73,31",55711,54028,14,127,818,31,476,9,113,95,"96,98","0,03","0,23","1,47","0,06","0,85","0,02","0,2","0,17"
2016,PE,Federal,1493,1409,1401,1400,"94,37","93,84","93,77","591,88","567,27","547,57","584,26","650,72","588,4","136,79","137,16","132,88","135,7","108,19",1401,1395,0,0,6,0,0,0,0,0,"99,57",0,0,"0,43",0,0,0,0,0
2016,PE,Municipal,329,211,209,208,"64,13","63,53","63,22","481,94","479,13","437,04","435,05","442,2","454,98","103,44","96,08",89,"94,83","58,85",209,201,0,0,3,0,5,0,0,0,"96,17",0,0,"1,44",0,"2,39",0,0,0
2016,PE,Privada,13262,12880,12836,12819,"97,12","96,79","96,66","580,24","557,71","533,67","556,98","644,95","574,94","136,29","136,18","132,01","135,15","105,32",12836,12754,2,6,45,4,13,0,7,5,"99,36","0,02","0,05","0,35","0,03","0,1",0,"0,05","0,04"
2016,PI,Estadual,28273,24300,24042,23994,"85,95","85,04","84,87","495,05","483,3","450,86","442,99","476,11","469,85","108,48","101,96","96,04","102,11","67,53",24042,23278,7,85,225,25,305,9,42,66,"96,82","0,03","0,35","0,94","0,1","1,27","0,04","0,17","0,27"
2016,PI,Federal,1038,1014,1012,1010,"97,69","97,5","97,3","581,28","548,81","523,26","541,17","644,33","567,85","134,72","134,51","130,14","133,89","111,07",1012,1007,0,0,2,1,0,0,0,2,"99,51",0,0,"0,2","0,1",0,0,0,"0,2"
2016,PI,Municipal,276,211,204,204,"76,45","73,91","73,91","476,19","461,15","434,33","422,31","412,35","441,49","98,53","88,82","84,51","90,29","50,2",204,194,0,1,4,0,3,2,0,0,"95,1",0,"0,49","1,96",0,"1,47","0,98",0,0
2016,PI,Privada,5501,5370,5358,5352,"97,62","97,4","97,29","584,54","558,52","544,55","563,08","678,59","585,97","139,05","141,61","137,76","142,37","117,78",5358,5338,0,2,12,1,1,0,3,1,"99,63",0,"0,04","0,22","0,02","0,02",0,"0,06","0,02"
2016,PR,Estadual,87490,66630,65048,64912,"76,16","74,35","74,19","525,96","513,91","465,89","477,84","514,5","499,96","119,62","109,33","103,76","110,76","71,03",65048,63889,10,43,506,54,390,19,60,77,"98,22","0,02","0,07","0,78","0,08","0,6","0,03","0,09","0,12"
2016,PR,Federal,960,902,897,896,"93,96","93,44","93,33","620,31","595,56","588,55","658,46","673,89","627,3","143,19","140,89","137,79","141,4","110,61",897,896,0,0,1,0,0,0,0,0,"99,89",0,0,"0,11",0,0,0,0,0
2016,PR,Municipal,333,186,181,181,"55,86","54,35","54,35","507,08","491,26","454,83","449,86","445,41","470,58","108,84","93,15","88,95","97,57","56,91",181,173,0,0,3,0,5,0,0,0,"95,58",0,0,"1,66",0,"2,76",0,0,0
2016,PR,Privada,19703,17933,17739,17721,"91,02","90,03","89,94","587,63","567,71","547,75","580,68","625,98","582,21","136,52","130,76","126,74","132,05","99,91",17739,17677,0,4,27,11,11,0,2,7,"99,65",0,"0,02","0,15","0,06","0,06",0,"0,01","0,04"
2016,RJ,Estadual,84069,65802,64761,64416,"78,27","77,03","76,62","530,99","518,29","466,09","470,29","533,85","504,21","121,75","112,75","107,53","113,94","77,88",64761,63631,12,64,503,55,288,34,99,75,"98,26","0,02","0,1","0,78","0,08","0,44","0,05","0,15","0,12"
2016,RJ,Federal,4588,4256,4218,4209,"92,76","91,94","91,74","625,32","594,41","582,16","635,35","706,97","629,2","145,42","146,56","143,8","147,15","124,06",4218,4204,0,0,3,2,2,2,3,2,"99,67",0,0,"0,07","0,05","0,05","0,05","0,07","0,05"
2016,RJ,Municipal,2435,1788,1749,1741,"73,43","71,83","71,5","540,07","524,31","478,52","488,01","544,84","515,69","122,92","114,95","109,6","115,98","81,4",1749,1711,0,1,11,3,16,0,5,2,"97,83",0,"0,06","0,63","0,17","0,91",0,"0,29","0,11"
2016,RJ,Privada,37303,34827,34641,34554,"93,36","92,86","92,63","591,74","566,76","538,34","571,12","655,82","585,04","139,02","137,07","133,38","137,93","108,43",34641,34467,2,5,81,13,39,3,18,13,"99,5","0,01","0,01","0,23","0,04","0,11","0,01","0,05","0,04"
2016,RN,Estadual,20391,16624,16350,16310,"81,53","80,18","79,99","502,51","493,69","452,85","450,16","489,61","477,99","112,35","104,96","98,66","104,32","69,32",16350,15873,7,23,230,14,134,4,28,37,"97,08","0,04","0,14","1,41","0,09","0,82","0,02","0,17","0,23"
2016,RN,Federal,2150,2071,2058,2056,"96,33","95,72","95,63","596,47","576,48","551,17","585,13","686,39","599,29","141,99","142,89","139,36","143,11","119,05",2058,2052,0,0,2,0,3,0,1,0,"99,71",0,0,"0,1",0,"0,15",0,"0,05",0
2016,RN,Municipal,113,88,86,86,"77,88","76,11","76,11","488,16","473,35","443,62","440,61","477,21","464,27",110,"101,63","98,84","103,02","63,72",86,86,0,0,0,0,0,0,0,0,100,0,0,0,0,0,0,0,0
2016,RN,Privada,5962,5775,5745,5739,"96,86","96,36","96,26","574,75","553,49","529,88","546,47","650,85","571,28","136,52","136,69","132,49","136,39","108,75",5745,5709,0,5,19,2,7,0,0,3,"99,37",0,"0,09","0,33","0,03","0,12",0,0,"0,05"
2016,RO,Estadual,16588,13341,13064,13027,"80,43","78,76","78,53","508,21","497,81","458,1","460,8","491,59","483,67","112,09","104,76","99,01","105,53","70,21",13064,12707,4,21,111,21,148,8,18,26,"97,27","0,03","0,16","0,85","0,16","1,13","0,06","0,14","0,2"
2016,RO,Federal,920,885,881,878,"96,2","95,76","95,43","575,41","556,36","523,67","548,41","603,2","561,47","128,72","126,79","122,27","127,4","98,02",881,875,0,0,1,1,2,0,2,0,"99,32",0,0,"0,11","0,11","0,23",0,"0,23",0
2016,RO,Municipal,71,52,51,51,"73,24","71,83","71,83","492,54","486,09","455,39","442,26","450,98","465,51","106,67","95,69","91,37","101,57","55,69",51,51,0,0,0,0,0,0,0,0,100,0,0,0,0,0,0,0,0
2016,RO,Privada,1348,1278,1273,1270,"94,81","94,44","94,21","570,77","550,3","524,94","540,91","604,43","558,5","130,64","127,51","122,32","128,37","95,6",1273,1264,0,1,2,3,2,0,1,0,"99,29",0,"0,08","0,16","0,24","0,16",0,"0,08",0
2016,RR,Estadual,4364,3313,3228,3206,"75,92","73,97","73,46","503,45","491,98","452,18","448,5","487,19","477,24","113,84","105,13","98,83","105,18","64,22",3228,3119,1,6,59,3,30,0,7,3,"96,62","0,03","0,19","1,83","0,09","0,93",0,"0,22","0,09"
2016,RR,Federal,348,315,315,311,"90,52","90,52","89,37","563,68","544,96","518,26","527,21","590,16","549,76","130,98","124,32","119,43","126,6","88,83",315,312,0,0,2,0,0,0,0,1,"99,05",0,0,"0,63",0,0,0,0,"0,32"
2016,RR,Municipal,6,4,4,4,"66,67","66,67","66,67",493,"458,05",407,"438,95",465,"452,4",115,100,105,100,45,4,4,0,0,0,0,0,0,0,0,100,0,0,0,0,0,0,0,0
2016,RR,Privada,464,446,443,443,"96,12","95,47","95,47",570,"545,5","527,76","531,99","610,38","557,2","133,91","128,17","123,93","128,04","96,34",443,443,0,0,0,0,0,0,0,0,100,0,0,0,0,0,0,0,0
2016,RS,Estadual,69461,58308,56956,56836,"83,94",82,"81,82","530,54","518,38","469,81","483,9","529,26","506,75","121,69","111,91","106,77","114,56","74,33",56956,55904,4,28,588,60,221,14,79,58,"98,15","0,01","0,05","1,03","0,11","0,39","0,02","0,14","0,1"
2016,RS,Federal,2578,2432,2418,2416,"94,34","93,79","93,72","590,69","569,71","545,03","588,82","626,1","584,11","135,1","130,72","126,47","132,55","101,26",2418,2403,1,0,6,0,3,1,2,2,"99,38","0,04",0,"0,25",0,"0,12","0,04","0,08","0,08"
2016,RS,Municipal,1090,873,849,846,"80,09","77,89","77,61","528,23","512,12","461,81","476,89","501,89","496,7","117,06","106,41","101,51","108,53","68,39",849,828,0,1,10,1,6,0,3,0,"97,53",0,"0,12","1,18","0,12","0,71",0,"0,35",0
2016,RS,Privada,14389,13183,13012,13001,"91,62","90,43","90,35","586,24","568,73","536,88","572,53","627,71","578,8","135,43","130,59","126,85","132,67","102,17",13012,12911,1,3,52,7,23,3,9,3,"99,22","0,01","0,02","0,4","0,05","0,18","0,02","0,07","0,02"
2016,SC,Estadual,50644,41307,40509,40429,"81,56","79,99","79,83","525,27","514,8","468,99","481,7","525,93","503,62","122,13","111,65","105,93","113,08","73,15",40509,39873,1,14,292,38,191,11,58,31,"98,43",0,"0,03","0,72","0,09","0,47","0,03","0,14","0,08"
2016,SC,Federal,1905,1783,1768,1768,"93,6","92,81","92,81","596,64","572,46","552,87","593,49","618,86","587,02","134,6","129,63","125,07","129,83","99,73",1768,1757,0,1,5,0,2,1,2,0,"99,38",0,"0,06","0,28",0,"0,11","0,06","0,11",0
2016,SC,Municipal,844,513,493,493,"60,78","58,41","58,41","533,25","519,77","477,15","498,55","518,66","509,88","119,47","109,94","105,84","110,91","72,49",493,480,0,1,4,2,5,0,0,1,"97,36",0,"0,2","0,81","0,41","1,01",0,0,"0,2"
2016,SC,Privada,11342,10663,10567,10559,"94,01","93,17","93,1","591,06","572,12","551,59","590,09","629,09","587,03","137,11","132,31","127,88","132,85","98,94",10567,10506,1,3,31,5,7,0,10,4,"99,42","0,01","0,03","0,29","0,05","0,07",0,"0,09","0,04"
2016,SE,Estadual,14087,11975,11826,11806,"85,01","83,95","83,81","507,71","491,64","460,15","453,48","514,19","485,63","114,18","108,28","102,79","108,75","80,18",11826,11563,2,24,108,13,81,0,21,14,"97,78","0,02","0,2","0,91","0,11","0,68",0,"0,18","0,12"
2016,SE,Federal,599,561,556,555,"93,66","92,82","92,65","580,33","549,03","530,02","550,98","649,21","571,91","134,75","134,96","131,76","134,42","113,31",556,553,0,0,1,0,2,0,0,0,"99,46",0,0,"0,18",0,"0,36",0,0,0
2016,SE,Municipal,23,17,17,17,"73,91","73,91","73,91","475,56","476,09","446,94","433,39","381,18","442,63","97,65",80,"72,94","85,88","44,71",17,15,0,0,1,0,1,0,0,0,"88,24",0,0,"5,88",0,"5,88",0,0,0
2016,SE,Privada,4601,4408,4382,4381,"95,81","95,24","95,22","577,98","549,65","535,72","549,09","666,34","575,95","136,65","138,73","135,05","138,86","117,05",4382,4356,0,6,7,3,7,1,1,1,"99,41",0,"0,14","0,16","0,07","0,16","0,02","0,02","0,02"
2016,SP,Estadual,319552,243454,238482,237277,"76,19","74,63","74,25","530,3","524,25","463,44","478,66","515,45","502,79","119,69","109,65","104,31","111,21","70,59",238482,233969,41,192,2006,227,1388,81,268,310,"98,11","0,02","0,08","0,84","0,1","0,58","0,03","0,11","0,13"
2016,SP,Federal,613,592,589,587,"96,57","96,08","95,76","619,12","596,56","576,69","649,8","656,02","620,33","139,86","136,07","133,33","136,72","110,03",589,587,0,0,1,0,0,1,0,0,"99,66",0,0,"0,17",0,0,"0,17",0,0
2016,SP,Municipal,7348,5802,5675,5655,"78,96","77,23","76,96","547,87","541,8","484,38","508,26","553,31","527,55","125,55","116,56","111,17","117,54","82,48",5675,5593,0,2,34,8,31,0,4,3,"98,56",0,"0,04","0,6","0,14","0,55",0,"0,07","0,05"
2016,SP,Privada,81542,77393,76924,76761,"94,91","94,34","94,14","593,8","577,48","550,92","587,27","638,33","589,8","137,37","133,82","129,9","134,41","102,83",76924,76650,3,13,99,57,58,1,18,25,"99,64",0,"0,02","0,13","0,07","0,08",0,"0,02","0,03"
2016,TO,Estadual,14426,11325,11052,11027,"78,5","76,61","76,44","494,5","487,08","447,89","447,01","470,69","469,72","108,47","101,57","95,27","102,02","63,36",11052,10643,1,27,130,14,191,3,25,18,"96,3","0,01","0,24","1,18","0,13","1,73","0,03","0,23","0,16"
2016,TO,Federal,641,619,616,616,"96,57","96,1","96,1","567,03","544,36","515,44","528,14","594,25","549,84","129,19","124,42","120,29","125,32","95,03",616,615,0,0,0,0,0,0,0,1,"99,84",0,0,0,0,0,0,0,"0,16"
2016,TO,Municipal,21,11,11,11,"52,38","52,38","52,38","516,93","489,85","432,58","431,61","474,55","469,1","101,82","110,91","94,55",100,"67,27",11,11,0,0,0,0,0,0,0,0,100,0,0,0,0,0,0,0,0
2016,TO,Privada,1315,1262,1253,1252,"95,97","95,29","95,21","582,5","557,69","547,29","561,63","655,79","581,33","137,83","138,9","133,63","138,87","106,56",1253,1247,0,1,1,2,1,1,0,0,"99,52",0,"0,08","0,08","0,16","0,08","0,08",0,0
2017,AC,Estadual,9622,7705,7226,7211,"80,08","75,1","74,94","474,62","469,47","476,04","473,06","474,37","476,57","103,19","104,52","95,95","99,15","71,56",7705,7013,5,17,80,0,526,1,50,13,"91,02","0,06","0,22","1,04",0,"6,83","0,01","0,65","0,17"
2017,AC,Federal,286,263,253,252,"91,96","88,46","88,11","514,98","501,89","499,77","489,96","542,59","511,26","116,27","117,26","110,65","113,38","85,02",263,249,0,0,0,0,13,0,1,0,"94,68",0,0,0,0,"4,94",0,"0,38",0
2017,AC,Municipal,32,18,16,15,"56,25",50,"46,88","478,3","430,7","467,06","442,91","398,89","436,64","91,11","87,78","83,33","85,56","51,11",18,15,0,0,0,0,3,0,0,0,"83,33",0,0,0,0,"16,67",0,0,0
2017,AC,Privada,578,565,561,561,"97,75","97,06","97,06","562,05","539,07","543,58","561,85","657,95","573,41",136,"139,19","131,08","134,02","117,66",565,557,0,0,3,0,3,0,2,0,"98,58",0,0,"0,53",0,"0,53",0,"0,35",0
2017,AL,Estadual,18650,15069,14290,14262,"80,8","76,62","76,47","468,66","463,91","469,89","464,14","459,15","467,47","101,06","101,53","92,13","94,78","69,65",15069,13505,6,19,195,0,1192,12,119,21,"89,62","0,04","0,13","1,29",0,"7,91","0,08","0,79","0,14"
2017,AL,Federal,1355,1267,1251,1247,"93,51","92,32","92,03","554,36","533,76","535,25","567,55","634,43","565,66","134,43","131,37","128,65","131,79","108,19",1267,1233,0,0,4,0,29,0,1,0,"97,32",0,0,"0,32",0,"2,29",0,"0,08",0
2017,AL,Municipal,76,49,44,44,"64,47","57,89","57,89","463,52","471,28","468,52","466,18","460,82","469,82","102,04","100,41","96,33","96,73","65,31",49,43,0,0,1,0,5,0,0,0,"87,76",0,0,"2,04",0,"10,2",0,0,0
2017,AL,Privada,5308,5151,5090,5090,"97,04","95,89","95,89","540,17","523,19","528,65","550,92","626,04","554,5","132,3","132,98","125,63","128,7","106,43",5151,4995,2,3,13,0,130,0,5,3,"96,97","0,04","0,06","0,25",0,"2,52",0,"0,1","0,06"
2017,AM,Estadual,39119,28832,26478,26345,"73,7","67,69","67,35","473,81","470,89","475,98","470,93","453,77","472,23","103,54","99,64","92,51","95,46","62,62",28832,25737,19,103,374,0,2276,22,259,42,"89,27","0,07","0,36","1,3",0,"7,89","0,08","0,9","0,15"
2017,AM,Federal,1367,1214,1175,1174,"88,81","85,95","85,88","531,92","523,11","522,56","546,32","577,46","541,82","128,57","119,72","118,98","121,58","88,62",1214,1172,0,0,4,0,32,0,4,2,"96,54",0,0,"0,33",0,"2,64",0,"0,33","0,16"
2017,AM,Municipal,383,209,181,179,"54,57","47,26","46,74","439,95","430,51","456,51","446,92","313,97","420,85","72,54","72,73","65,07","66,79","36,84",209,150,0,3,5,0,45,0,5,1,"71,77",0,"1,44","2,39",0,"21,53",0,"2,39","0,48"
2017,AM,Privada,2755,2462,2392,2388,"89,36","86,82","86,68","559,68","542,83","550,38","567,11","608,98","567,84","133,39","125,08","123,99","128,43","98,1",2462,2400,0,0,12,0,37,1,9,3,"97,48",0,0,"0,49",0,"1,5","0,04","0,37","0,12"
2017,AP,Estadual,9652,7855,7338,7320,"81,38","76,03","75,84","474,19","467,84","472,27","464,75","463,31","471,22","102,9","101,78","94,35","95,82","68,46",7855,7026,7,15,135,0,603,5,55,9,"89,45","0,09","0,19","1,72",0,"7,68","0,06","0,7","0,11"
2017,AP,Federal,389,365,353,353,"93,83","90,75","90,75","539,1","525,11","524,42","527,56","593,1","542,85","128,6","127,23","121,86","122,14","93,26",365,354,0,0,0,0,10,0,1,0,"96,99",0,0,0,0,"2,74",0,"0,27",0
2017,AP,Municipal,6,4,2,2,"66,67","33,33","33,33","445,12","416,4","500,15","483,75",335,"462,41",80,75,65,75,40,4,3,0,0,0,0,1,0,0,0,75,0,0,0,0,25,0,0,0
2017,AP,Privada,1032,976,957,954,"94,57","92,73","92,44","555,11","532,21","532,08","540,5","619,63","557,46",130,"130,04","126,05","128,22","105,33",976,947,0,1,3,0,21,1,3,0,"97,03",0,"0,1","0,31",0,"2,15","0,1","0,31",0
2017,BA,Estadual,84743,68133,64657,64495,"80,4","76,3","76,11","484,68","476,24","481,19","473,87","486,98","482,77","107,76","106,54","98,62","100,68","73,38",68133,62912,21,84,608,0,4042,33,350,83,"92,34","0,03","0,12","0,89",0,"5,93","0,05","0,51","0,12"
2017,BA,Federal,2566,2409,2381,2376,"93,88","92,79","92,6","577,09","550,31","562,68","584,9","672,28","590,29","141,22","138,85","138,36","139,3","114,54",2409,2376,0,0,4,0,29,0,0,0,"98,63",0,0,"0,17",0,"1,2",0,0,0
2017,BA,Municipal,1405,999,948,945,"71,1","67,47","67,26","466,94","459,33","468,69","453,89","448,77","461,76","101,08","99,92","91,59","94,23","61,94",999,883,1,1,11,0,90,2,10,1,"88,39","0,1","0,1","1,1",0,"9,01","0,2",1,"0,1"
2017,BA,Privada,14763,14302,14159,14144,"96,88","95,91","95,81","576,29","549,19","562,39","587,97","669,35","589,75","139,79","140,69","136,47","138,02","114,39",14302,14101,0,6,29,0,149,1,12,4,"98,59",0,"0,04","0,2",0,"1,04","0,01","0,08","0,03"
2017,Brasil,Estadual,1423447,1117518,1053318,1050497,"78,51",74,"73,8","495,01","489,23","488,37","492,96","491,19","493,72","110,13","107,1","99,17","101,32","73,48",1117518,1034244,441,1492,13163,0,60433,740,5662,1343,"92,55","0,04","0,13","1,18",0,"5,41","0,07","0,51","0,12"
2017,Brasil,Federal,44843,42401,41813,41760,"94,55","93,24","93,12","577,25","552,35","564,74","601,47","646,87","589,44","137,09","133,54","132,19","133,2","110,85",42401,41669,3,2,85,0,582,2,41,17,"98,27","0,01",0,"0,2",0,"1,37",0,"0,1","0,04"
2017,Brasil,Municipal,20375,14944,13935,13904,"73,34","68,39","68,24","503,51","496,17","497,28","503,64","490,77","501,26","110,58","106,69","99,38","100,91","73,2",14944,13775,7,16,141,0,894,14,76,21,"92,18","0,05","0,11","0,94",0,"5,98","0,09","0,51","0,14"
2017,Brasil,Privada,297216,283561,278953,278735,"95,41","93,86","93,78","576,77","552,93","565,04","601,69","648,32","589,94","137,77","134,51","131,85","133,6","110,6",283561,278865,14,71,617,0,3638,21,264,71,"98,34",0,"0,03","0,22",0,"1,28","0,01","0,09","0,03"
2017,CE,Estadual,108053,84725,82133,81307,"78,41","76,01","75,25","481,95","474,74","479,07","484,76","473,01","480,67","102,92","102,15","94,78","97,19","75,98",84725,75709,127,384,1634,0,5881,51,833,106,"89,36","0,15","0,45","1,93",0,"6,94","0,06","0,98","0,13"
2017,CE,Federal,1015,962,950,949,"94,78","93,6","93,5","567,49","548,74","556,56","598,79","635,84","582,88","136,03","130,54","130,04","131,73","107,51",962,940,0,0,6,0,15,0,1,0,"97,71",0,0,"0,62",0,"1,56",0,"0,1",0
2017,CE,Municipal,430,221,197,196,"51,4","45,81","45,58","468,03","462,24","469,21","461,47","394,39","453,51","88,87","88,6","79,55","79,91","57,47",221,184,0,1,7,0,23,1,5,0,"83,26",0,"0,45","3,17",0,"10,41","0,45","2,26",0
2017,CE,Privada,11203,10819,10697,10692,"96,57","95,48","95,44","577,59","547,23","567,18","612,01","701,66","601,99","143,49","141,8","141,44","146,28","128,65",10819,10697,0,3,19,0,87,0,10,3,"98,87",0,"0,03","0,18",0,"0,8",0,"0,09","0,03"
2017,DF,Estadual,23850,20102,19090,19044,"84,29","80,04","79,85","508,82","504,88","499,01","498,16","522,25","509,04","116,71","111,73","105,7","107,26","80,85",20102,18969,4,12,239,0,808,12,48,10,"94,36","0,02","0,06","1,19",0,"4,02","0,06","0,24","0,05"
2017,DF,Federal,640,569,559,559,"88,91","87,34","87,34","586,4","562,97","575,59","614,3","639,61","596,12",138,"129,88","131,14","132,58","108,01",569,562,0,0,1,0,5,0,1,0,"98,77",0,0,"0,18",0,"0,88",0,"0,18",0
2017,DF,Privada,8423,7985,7874,7867,"94,8","93,48","93,4","589,62","566,9","577,58","610,68","643,97","598,84","137,98","132,6","131,58","132,81","109,01",7985,7849,0,2,24,0,101,1,5,3,"98,3",0,"0,03","0,3",0,"1,26","0,01","0,06","0,04"
2017,ES,Estadual,31466,26317,25026,24976,"83,64","79,53","79,37","501,2","491,17","496,52","500,73","495,99","499,38","111,72","106,72","100,16","102,6","74,78",26317,24323,6,26,428,0,1341,23,140,30,"92,42","0,02","0,1","1,63",0,"5,1","0,09","0,53","0,11"
2017,ES,Federal,1858,1806,1795,1793,"97,2","96,61","96,5","606,08","564,68","595,73","647,76","701,27","623,63","145,39","141,87","142,19","145,9","125,91",1806,1789,0,0,3,0,13,0,0,1,"99,06",0,0,"0,17",0,"0,72",0,0,"0,06"
2017,ES,Municipal,98,64,61,61,"65,31","62,24","62,24","483,19","478,44","482,2","459,6","410,31","461,98","97,19",90,"82,5","88,44","52,19",64,55,0,0,2,0,7,0,0,0,"85,94",0,0,"3,12",0,"10,94",0,0,0
2017,ES,Privada,4927,4807,4762,4760,"97,56","96,65","96,61","592,76","558,29","581,68","628,99","686,48","610,21","142,62","141,33","140,04","142,58","119,92",4807,4742,0,0,10,0,48,0,4,3,"98,65",0,0,"0,21",0,1,0,"0,08","0,06"
2017,GO,Estadual,48878,38493,36219,36155,"78,75","74,1","73,97","493,57","489,79","489,56","493,69","498,1","495,35","110,55","109,9","101,04","102,81","73,8",38493,36152,10,25,414,0,1680,35,119,58,"93,92","0,03","0,06","1,08",0,"4,36","0,09","0,31","0,15"
2017,GO,Federal,1730,1632,1611,1609,"94,34","93,12","93,01","569,6","545,82","559,89","575,77","637,32","578,55","133,93","132,87","129,89","131,2","109,42",1632,1602,0,0,5,0,22,0,3,0,"98,16",0,0,"0,31",0,"1,35",0,"0,18",0
2017,GO,Municipal,394,261,238,238,"66,24","60,41","60,41","498,55","488,15","499,25","499,48","502,99","502,42","110,88","109,43","102,53","102,76","77,39",261,240,0,0,2,0,15,2,2,0,"91,95",0,0,"0,77",0,"5,75","0,77","0,77",0
2017,GO,Privada,10531,10049,9902,9897,"95,42","94,03","93,98","571,56","547,54","567,88","593,22","662,94","589,76","137,71","137,8","134,9","136,82","115,71",10049,9898,1,3,24,0,111,1,7,4,"98,5","0,01","0,03","0,24",0,"1,1","0,01","0,07","0,04"
2017,MA,Estadual,55614,44462,42291,42182,"79,95","76,04","75,85","468,59","463,42","473,97","465,12","447,58","465,78","100,12","99,76","91,4","93,28","63,01",44462,39452,19,84,523,0,4000,26,292,66,"88,73","0,04","0,19","1,18",0,9,"0,06","0,66","0,15"
2017,MA,Federal,2621,2494,2455,2453,"95,15","93,67","93,59","539,19","523,15","528,84","536,62","602,2","546,91","128,61","127,02","123,06","123,88","99,62",2494,2418,0,1,2,0,69,0,2,2,"96,95",0,"0,04","0,08",0,"2,77",0,"0,08","0,08"
2017,MA,Municipal,506,384,363,361,"75,89","71,74","71,34","459,03","451,23","470,68","453,24","402,4","450,02","90,73","93,18","82,4","84,06","52,03",384,323,1,3,6,0,40,1,10,0,"84,11","0,26","0,78","1,56",0,"10,42","0,26","2,6",0
2017,MA,Privada,5906,5601,5506,5499,"94,84","93,23","93,11","545,69","525,15","535,03","546,89","622,74","556,41","132,53","130,31","127,82","129,58","102,5",5601,5433,1,4,16,0,128,2,16,1,97,"0,02","0,07","0,29",0,"2,29","0,04","0,29","0,02"
2017,MG,Estadual,146155,116057,109664,109520,"79,41","75,03","74,93","507,69","499,01","499,6","511,21","511,88","508,32","114,73","111,09","103,43","105,45","77,18",116057,109321,47,108,1111,0,4852,72,393,153,"94,2","0,04","0,09","0,96",0,"4,18","0,06","0,34","0,13"
2017,MG,Federal,5787,5582,5543,5540,"96,46","95,78","95,73","603,9","571,29","590,08","648,99","688,84","621,04","143,58","139,92","140,77","141,44","123,13",5582,5544,0,0,5,0,33,0,0,0,"99,32",0,0,"0,09",0,"0,59",0,0,0
2017,MG,Municipal,2494,1937,1835,1834,"77,67","73,58","73,54","524,96","514,33","520,62","530,54","524,76","525,75","118,26","112,07","106,44","107,7","80,29",1937,1840,0,0,17,0,72,1,4,3,"94,99",0,0,"0,88",0,"3,72","0,05","0,21","0,15"
2017,MG,Privada,23116,22544,22357,22340,"97,53","96,72","96,64","605,73","570,39","592,64","650,2","708,36","626,11","145,32","145,5","144,34","146,04","127,18",22544,22354,0,4,30,0,141,1,13,1,"99,16",0,"0,02","0,13",0,"0,63",0,"0,06",0
2017,MS,Estadual,17988,13592,12637,12609,"75,56","70,25","70,1","490,22","486,44","491,84","490,03","480,82","490,71",108,"106,2","97,28","100,18","69,15",13592,12644,5,14,139,0,709,22,47,12,"93,03","0,04","0,1","1,02",0,"5,22","0,16","0,35","0,09"
2017,MS,Federal,690,627,612,610,"90,87","88,7","88,41","566,11","551,42","560,51","591,28","621,44","579,08","132,82","129,03","127,72","129,86","102,01",627,615,0,0,3,0,9,0,0,0,"98,09",0,0,"0,48",0,"1,44",0,0,0
2017,MS,Municipal,57,37,36,36,"64,91","63,16","63,16","466,17","447,73","477,76","447,28","431,89","454,83","95,68",100,"90,27","92,43","53,51",37,36,0,0,0,0,0,0,1,0,"97,3",0,0,0,0,0,0,"2,7",0
2017,MS,Privada,3053,2772,2693,2690,"90,8","88,21","88,11","569,22","547,95","569,14","601,68","662,76","592,51","137,99","139,29","135,22","138,03","112,23",2772,2711,0,1,14,0,39,2,3,2,"97,8",0,"0,04","0,51",0,"1,41","0,07","0,11","0,07"
2017,MT,Estadual,25684,19796,18504,18444,"77,08","72,04","71,81","485,87","477,33","485,17","481,51","466,25","482,06","104,17","103,07","94,14","96,46","68,42",19796,18038,2,26,322,0,1232,17,124,35,"91,12","0,01","0,13","1,63",0,"6,22","0,09","0,63","0,18"
2017,MT,Federal,1598,1521,1496,1494,"95,18","93,62","93,49","559,36","535,39","549,11","563,83","624,67","567,57","132,43","131,4","127,46","128,27","105,12",1521,1501,1,0,3,0,15,0,1,0,"98,69","0,07",0,"0,2",0,"0,99",0,"0,07",0
2017,MT,Municipal,131,81,74,73,"61,83","56,49","55,73","479,47","462,27","475,3","456,8","403,21","458,34","88,64","91,85","81,98","83,95","56,79",81,70,0,0,3,0,7,0,0,1,"86,42",0,0,"3,7",0,"8,64",0,0,"1,23"
2017,MT,Privada,3963,3733,3676,3668,"94,2","92,76","92,56","560,72","534,99","554,11","579,07","651,19","577,32","135,27","136,53","132,03","135,06","112,29",3733,3638,0,2,16,0,68,0,8,1,"97,46",0,"0,05","0,43",0,"1,82",0,"0,21","0,03"
2017,PA,Estadual,60792,49172,46674,46573,"80,89","76,78","76,61","478,66","468,8","477,28","468,03","476,71","475,98","104,12","105,08","96,55","98,38","72,57",49172,44885,21,87,453,0,3315,42,279,90,"91,28","0,04","0,18","0,92",0,"6,74","0,09","0,57","0,18"
2017,PA,Federal,1191,1109,1089,1087,"93,12","91,44","91,27","561,38","531,06","546,68","563,16","625,27","566,98","129,94","130,86","127,65","129,74","107,09",1109,1071,0,0,4,0,32,0,2,0,"96,57",0,0,"0,36",0,"2,89",0,"0,18",0
2017,PA,Municipal,2519,1885,1756,1754,"74,83","69,71","69,63","465,29","455,09","469,15","456,14","434,49","458,22","95,79","99,34","88,5","89,89","60,98",1885,1691,1,3,10,0,157,0,12,11,"89,71","0,05","0,16","0,53",0,"8,33",0,"0,64","0,58"
2017,PA,Privada,11150,10673,10534,10523,"95,72","94,48","94,38","563,04","532,44","549,16","562,34","669,5","576,3","136,2","139,02","135,84","138,79","119,66",10673,10431,0,5,35,0,180,0,17,5,"97,73",0,"0,05","0,33",0,"1,69",0,"0,16","0,05"
2017,PB,Estadual,23341,20227,19501,19473,"86,66","83,55","83,43","481,23","475,94","479,96","478,26","491,56","483,26","107,61","107,09","98,56","100,67","77,62",20227,18688,4,19,202,0,1164,14,115,21,"92,39","0,02","0,09",1,0,"5,75","0,07","0,57","0,1"
2017,PB,Federal,1200,1132,1116,1115,"94,33",93,"92,92","564,91","542,34","544,21","584,08","627,9","574,05","132,92","130,87","127,42","128,07","108,62",1132,1111,0,0,3,0,17,0,1,0,"98,14",0,0,"0,27",0,"1,5",0,"0,09",0
2017,PB,Municipal,205,153,143,142,"74,63","69,76","69,27","477,6","468,26","476,31","475,07","453,59","475,48","99,61","100,65","89,54","92,94","70,85",153,134,1,1,4,0,13,0,0,0,"87,58","0,65","0,65","2,61",0,"8,5",0,0,0
2017,PB,Privada,7055,6923,6876,6873,"98,13","97,46","97,42","564,21","536,1","548,97","580,94","668,47","580,39","137,89","138,16","135,21","138,35","118,85",6923,6795,3,4,15,0,101,0,3,2,"98,15","0,04","0,06","0,22",0,"1,46",0,"0,04","0,03"
2017,PE,Estadual,66028,54514,52085,51988,"82,56","78,88","78,74","485,95","482,48","483,14","489,34","486,96","487,96","107,3","106,75","98,35","99,98","74,58",54514,49872,26,90,828,0,3224,35,383,56,"91,48","0,05","0,17","1,52",0,"5,91","0,06","0,7","0,1"
2017,PE,Federal,1574,1495,1473,1472,"94,98","93,58","93,52","569,91","548,16","560,96","600,09","636,05","583,72","134,25","132,83","131,3","130,68",107,1495,1462,0,0,1,0,29,0,3,0,"97,79",0,0,"0,07",0,"1,94",0,"0,2",0
2017,PE,Municipal,311,200,182,182,"64,31","58,52","58,52","458,34","456,28","457,9","449,72",415,"448,99","90,2","96,9","84,8","85,1",58,200,175,0,0,4,0,19,0,2,0,"87,5",0,0,2,0,"9,5",0,1,0
2017,PE,Privada,12208,11945,11845,11839,"97,85","97,03","96,98","564,75","543,76","550,29","590,41","646,69","579,84","136,37",135,"132,19","133,47","109,67",11945,11698,0,6,39,0,178,0,20,4,"97,93",0,"0,05","0,33",0,"1,49",0,"0,17","0,03"
2017,PI,Estadual,27348,23105,22304,22266,"84,49","81,56","81,42","473,5","466,05","474,91","470,34","470,73","472,68","103,74","103,7","94,38","97,15","71,75",23105,20999,8,66,189,0,1590,21,198,34,"90,89","0,03","0,29","0,82",0,"6,88","0,09","0,86","0,15"
2017,PI,Federal,1589,1561,1557,1557,"98,24","97,99","97,99","557,63","532,85","541,81","562,66","648,42","568,84","135,41","135,41","131,07","132,03","114,49",1561,1542,0,0,1,0,15,0,2,1,"98,78",0,0,"0,06",0,"0,96",0,"0,13","0,06"
2017,PI,Municipal,279,208,192,191,"74,55","68,82","68,46","458,19","452,19","466,92","459,05","399,23","448,97","90,29","91,44","81,92","82,69","52,88",208,175,0,1,3,0,25,0,3,1,"84,13",0,"0,48","1,44",0,"12,02",0,"1,44","0,48"
2017,PI,Privada,5237,5134,5108,5104,"98,03","97,54","97,46","573,2","544,33","560,98","595,27","694,07","594,16","141,34","145,51","140,35","143,39","123,48",5134,5055,0,5,8,0,61,0,4,1,"98,46",0,"0,1","0,16",0,"1,19",0,"0,08","0,02"
2017,PR,Estadual,80466,61757,57506,57447,"76,75","71,47","71,39","511,36","502,37","499,87","504,09","497,55","505,7","114,11","108,48","100,41","102,75","71,8",61757,58058,8,39,521,0,2826,36,205,64,"94,01","0,01","0,06","0,84",0,"4,58","0,06","0,33","0,1"
2017,PR,Federal,1306,1236,1221,1221,"94,64","93,49","93,49","598,2","574,47","589,76","638,31","639,34","608,67","141,2","130,61","132,07","133,46","101,99",1236,1230,0,0,1,0,5,0,0,0,"99,51",0,0,"0,08",0,"0,4",0,0,0
2017,PR,Municipal,302,150,130,129,"49,67","43,05","42,72","479,06","484,88","492,06","483,47","435,33","479,61","101,87","96,8","89,2","90,8","56,67",150,135,0,0,0,0,13,1,1,0,90,0,0,0,0,"8,67","0,67","0,67",0
2017,PR,Privada,17950,16404,15949,15939,"91,39","88,85","88,8","577,92","556,68","572,68","603,96","614,17","586,15","135,92","127,58","125,26","127,11","98,3",16404,16139,0,2,31,0,216,3,11,2,"98,38",0,"0,01","0,19",0,"1,32","0,02","0,07","0,01"
2017,RJ,Estadual,88160,68395,64189,64075,"77,58","72,81","72,68","502,83","498,01","489,86","498,74","505,55","501,37","114,46","109,23","101,61","103,84","76,4",68395,63804,11,62,777,0,3292,46,328,75,"93,29","0,02","0,09","1,14",0,"4,81","0,07","0,48","0,11"
2017,RJ,Federal,4967,4641,4581,4566,"93,44","92,23","91,93","607,27","576,88","590,17","648,79","686,47","622,77","144,27","139,57","140,48","141,57","120,57",4641,4591,0,0,6,0,36,1,6,1,"98,92",0,0,"0,13",0,"0,78","0,02","0,13","0,02"
2017,RJ,Municipal,2039,1525,1427,1423,"74,79","69,99","69,79","516,06","508,16","503,62","513,61","522,68","516,29","117,76","111,44","105,04","107,75","80,7",1525,1427,2,1,13,0,75,1,6,0,"93,57","0,13","0,07","0,85",0,"4,92","0,07","0,39",0
2017,RJ,Privada,34954,33239,32710,32684,"95,09","93,58","93,51","575,22",552,"557,34","599,87","648,16","587,6","137,8","135,45","131,55","133,47","109,88",33239,32637,0,4,89,0,468,3,29,9,"98,19",0,"0,01","0,27",0,"1,41","0,01","0,09","0,03"
2017,RN,Estadual,20032,16382,15571,15538,"81,78","77,73","77,57","480,67","476,49","481,36","478,82","472,65","480,22","104,2","103,99","94,85","96,64","72,97",16382,14917,7,26,247,0,1036,8,106,35,"91,06","0,04","0,16","1,51",0,"6,32","0,05","0,65","0,21"
2017,RN,Federal,2661,2566,2529,2526,"96,43","95,04","94,93","577,84","556,77","566,94","605,34","665,47","595,51","139,54","137,24","136,17","136,17","116,35",2566,2524,0,0,7,0,28,0,1,6,"98,36",0,0,"0,27",0,"1,09",0,"0,04","0,23"
2017,RN,Municipal,101,63,58,58,"62,38","57,43","57,43","474,37","466,26","471,96","457,72","420,63","459,55","95,87","99,68","83,49","85,4","56,19",63,56,1,0,1,0,5,0,0,0,"88,89","1,59",0,"1,59",0,"7,94",0,0,0
2017,RN,Privada,5369,5240,5176,5175,"97,6","96,41","96,39","557,56","536,13","550,6","571,92","638,15","571,78","134,08","134,53","128,8","131,57","109,17",5240,5130,1,3,13,0,82,0,9,2,"97,9","0,02","0,06","0,25",0,"1,56",0,"0,17","0,04"
2017,RO,Estadual,16830,12881,12019,11979,"76,54","71,41","71,18","486,05","477,88","485,4","482,25","472,6","483,9","104,18","104,39","94,91","96,88","72,24",12881,11691,4,15,177,0,893,14,69,18,"90,76","0,03","0,12","1,37",0,"6,93","0,11","0,54","0,14"
2017,RO,Federal,781,751,742,740,"96,16","95,01","94,75","545,8","531,95","541,08","558,31","605,67","557,43","128,92","127,14","122,58","123,06","103,97",751,729,0,0,3,0,17,0,2,0,"97,07",0,0,"0,4",0,"2,26",0,"0,27",0
2017,RO,Municipal,73,54,46,46,"73,97","63,01","63,01","465,73","453,4","489,75","482,55","409,26","461,91",90,"95,93","83,33","82,22","57,78",54,47,0,0,1,0,6,0,0,0,"87,04",0,0,"1,85",0,"11,11",0,0,0
2017,RO,Privada,1178,1141,1118,1118,"96,86","94,91","94,91","558,37","532,03","547,86","571,39","608,75","564,93","130,41","128,19","123,79","124,91","101,45",1141,1109,0,1,3,0,26,0,2,0,"97,2",0,"0,09","0,26",0,"2,28",0,"0,18",0
2017,RR,Estadual,4259,3132,2834,2821,"73,54","66,54","66,24","480,78","474,8","484,81","474,38","458,93","478,31","105,13","100,84","93,68","96,02","63,25",3132,2811,1,4,59,0,231,3,19,4,"89,75","0,03","0,13","1,88",0,"7,38","0,1","0,61","0,13"
2017,RR,Federal,453,395,382,382,"87,2","84,33","84,33","545,74","531,18","541,75","553,13","591,39","555,9","130,18","121,11","122,63","122,89","94,58",395,379,0,0,3,0,12,0,1,0,"95,95",0,0,"0,76",0,"3,04",0,"0,25",0
2017,RR,Municipal,5,4,1,1,80,20,20,"477,7","466,25",552,"523,3",250,"566,56",55,55,50,50,40,4,2,0,0,0,0,0,0,2,0,50,0,0,0,0,0,0,50,0
2017,RR,Privada,479,461,457,457,"96,24","95,41","95,41","557,19","533,96","551,03","559,9","602,86","561,9","132,49","122,91","122,91","124,38","100,17",461,445,0,0,2,0,11,1,1,1,"96,53",0,0,"0,43",0,"2,39","0,22","0,22","0,22"
2017,RS,Estadual,62769,50322,47154,47108,"80,17","75,12","75,05","512,38","507,02","500,67",513,"520,61","513,6","118,43","112,07","105,35","107,55","77,21",50322,47399,7,16,716,0,1935,25,189,35,"94,19","0,01","0,03","1,42",0,"3,85","0,05","0,38","0,07"
2017,RS,Federal,2879,2709,2662,2662,"94,1","92,46","92,46","581,57","557,44","568,92","613,05","632,16","591,62","136,01","131,6","128,9","129,04","106,61",2709,2646,1,0,7,0,48,1,3,3,"97,67","0,04",0,"0,26",0,"1,77","0,04","0,11","0,11"
2017,RS,Municipal,953,707,645,645,"74,19","67,68","67,68","497,89","495,28","487,6","495,89","477,26","494,92","109,99","103,45","96,8","97,45","69,56",707,647,0,1,14,0,41,1,2,1,"91,51",0,"0,14","1,98",0,"5,8","0,14","0,28","0,14"
2017,RS,Privada,13441,12567,12245,12234,"93,5","91,1","91,02","576,83","558,91","562,87","602,83","627,74","587,47","136,8","129,35","128,01","128,43","105,16",12567,12277,2,2,66,0,201,3,12,4,"97,69","0,02","0,02","0,53",0,"1,6","0,02","0,1","0,03"
2017,SC,Estadual,23987,17453,16160,16141,"72,76","67,37","67,29","506,49","498,15","497,91","506,65","498,36","504,25","113,83","108,27","100,38","102,63","73,24",17453,16364,4,12,197,0,808,12,39,17,"93,76","0,02","0,07","1,13",0,"4,63","0,07","0,22","0,1"
2017,SC,Federal,2030,1878,1835,1833,"92,51","90,39","90,3","582,27","556,86","573,35","609,09","607,12","586,9","133,14","125,54","124,27","124,81","99,36",1878,1849,0,0,6,0,20,0,3,0,"98,46",0,0,"0,32",0,"1,06",0,"0,16",0
2017,SC,Municipal,688,393,356,356,"57,12","51,74","51,74","515,13","506,54","514,75","519,72","467,23","508,16","104,99","102,8","95,78","94,61","69,06",393,349,0,0,4,0,35,3,2,0,"88,8",0,0,"1,02",0,"8,91","0,76","0,51",0
2017,SC,Privada,8866,8268,8066,8064,"93,26","90,98","90,95","582,05","560,32","578,56","618,2","625,68","594,33","136,37","129,9","127,56","129,1","102,75",8268,8126,0,0,22,0,112,0,6,2,"98,28",0,0,"0,27",0,"1,35",0,"0,07","0,02"
2017,SE,Estadual,14231,11758,11326,11313,"82,62","79,59","79,5","483,8","475,81","482,11","478,3","504,41","486,76","109,16","108,73","100,14","102,45","83,93",11758,10882,1,17,114,0,666,7,60,11,"92,55","0,01","0,14","0,97",0,"5,66","0,06","0,51","0,09"
2017,SE,Federal,654,612,604,604,"93,58","92,35","92,35","558,94","536,59","544,59","569,28","641,6","570,67","133,04","133,86","129,97","130,29","114,44",612,598,0,1,1,0,10,0,2,0,"97,71",0,"0,16","0,16",0,"1,63",0,"0,33",0
2017,SE,Municipal,19,13,12,12,"68,42","63,16","63,16","478,03","471,16","458,87","447,08","444,62","459,58","107,69","98,46",80,"89,23","69,23",13,12,0,0,0,0,1,0,0,0,"92,31",0,0,0,0,"7,69",0,0,0
2017,SE,Privada,4274,4117,4083,4082,"96,33","95,53","95,51","563,99","539,6","554,14","576,83","672,98","582,2","138,03","141,31","136,13","137,09","120,41",4117,4023,1,4,6,0,73,0,9,1,"97,72","0,02","0,1","0,15",0,"1,77",0,"0,22","0,02"
2017,SP,Estadual,300711,225506,209310,208799,"74,99","69,61","69,44","507,94","505,84","493,68","507,67","500,02","505,66","114,34","108,85","100,94","103,07","72,82",225506,212245,51,100,2386,0,9554,140,795,235,"94,12","0,02","0,04","1,06",0,"4,24","0,06","0,35","0,1"
2017,SP,Federal,915,881,873,872,"96,28","95,41","95,3","588,64","566,32","574,83","629,59","625,18","597,46","135,94","127,29","127,54","127,2","107,22",881,871,0,0,1,0,8,0,0,1,"98,86",0,0,"0,11",0,"0,91",0,0,"0,11"
2017,SP,Municipal,6842,5306,4974,4963,"77,55","72,7","72,54","527,05","521,57","511,59","532,81","532,08","527,65","120,49","113,24","107,3","108,8","82,26",5306,5067,0,1,33,0,194,1,8,2,"95,5",0,"0,02","0,62",0,"3,66","0,02","0,15","0,04"
2017,SP,Privada,78246,74468,72962,72895,"95,17","93,25","93,16","580,83","560,85","569,35","610,09","624,79","590,06","136,4","129,11","127,16","128,01","104,1",74468,73493,3,5,72,0,841,1,43,10,"98,69",0,"0,01","0,1",0,"1,13",0,"0,06","0,01"
2017,TO,Estadual,15019,11776,11132,11106,"78,41","74,12","73,95","475,47","469,68","475,06","475,96","476,02","476,73","105,78","104,97","96,26","98,98","70,03",11776,10828,10,22,95,0,757,6,48,10,"91,95","0,08","0,19","0,81",0,"6,43","0,05","0,41","0,08"
2017,TO,Federal,741,724,715,714,"97,71","96,49","96,36","552,58","530,58","541,69","553,44","607,51","558,14","130,55","128,7","123,23","124,31","100,72",724,711,1,0,1,0,11,0,0,0,"98,2","0,14",0,"0,14",0,"1,52",0,0,0
2017,TO,Municipal,27,19,18,18,"70,37","66,67","66,67","484,65","460,75","465,34","463,3","435,79","468,05","88,42","97,89","89,47","90,53","69,47",19,16,0,0,0,0,2,0,1,0,"84,21",0,0,0,0,"10,53",0,"5,26",0
2017,TO,Privada,1251,1215,1198,1198,"97,12","95,76","95,76","574,04","542,83","566,5","589,93","647,92","585,35","135,84","138,57","131,98","133,17","108,36",1215,1185,0,1,3,0,25,0,1,0,"97,53",0,"0,08","0,25",0,"2,06",0,"0,08",0
2018,AC,Estadual,5939,4862,4575,4566,"81,87","77,03","76,88","526,9","490,79","458,26","490,89","448,19","485,45","111,94","86,53","81,28","109,67","58,77",4862,4689,10,23,59,0,59,2,12,8,"96,44","0,21","0,47","1,21",0,"1,21","0,04","0,25","0,16"
2018,AC,Federal,203,196,189,188,"96,55","93,1","92,61","549,44","520,43","492,44","511,06","545,71","526,63","126,22","109,39","104,18","123,47","82,45",196,194,0,0,1,0,1,0,0,0,"98,98",0,0,"0,51",0,"0,51",0,0,0
2018,AC,Municipal,35,14,13,13,40,"37,14","37,14","515,59","452,29","432,98","463,24","451,43","462,61","121,43","88,57","84,29",110,"47,14",14,14,0,0,0,0,0,0,0,0,100,0,0,0,0,0,0,0,0
2018,AC,Privada,466,459,459,459,"98,5","98,5","98,5","611,43","571,22","541,9","583,19","687,19","598,99","142,7",139,"129,5","149,37","126,62",459,455,0,4,0,0,0,0,0,0,"99,13",0,"0,87",0,0,0,0,0,0
2018,AL,Estadual,15078,11909,11288,11252,"78,98","74,86","74,63","517,65",478,"454,3","487,5","432,98","476,31","108,96","82,51","77,74","106,13","57,63",11909,11187,14,101,310,0,234,1,44,18,"93,94","0,12","0,85","2,6",0,"1,96","0,01","0,37","0,15"
2018,AL,Federal,1405,1314,1291,1291,"93,52","91,89","91,89","594,73","558,33","521,96","583,42","619,32","576,68","136,01","125,84",120,"134,99","102,47",1314,1299,0,1,7,0,5,0,2,0,"98,86",0,"0,08","0,53",0,"0,38",0,"0,15",0
2018,AL,Municipal,21,10,10,10,"47,62","47,62","47,62","555,14","465,2","458,34","508,28",394,"476,19",112,74,64,108,36,10,10,0,0,0,0,0,0,0,0,100,0,0,0,0,0,0,0,0
2018,AL,Privada,4568,4472,4431,4431,"97,9",97,97,"589,56","548,89","517,1","574,22","608,82","568,23","136,86","122,25","114,26","136,27","99,18",4472,4428,1,11,14,0,11,0,5,2,"99,02","0,02","0,25","0,31",0,"0,25",0,"0,11","0,04"
2018,AM,Estadual,31311,23312,21741,21601,"74,45","69,44","68,99","522,39","487,09","460,2","491,99","431,89","481,59","110,62","85,03","81,03","105,27","49,94",23312,21898,18,297,380,0,553,15,111,40,"93,93","0,08","1,27","1,63",0,"2,37","0,06","0,48","0,17"
2018,AM,Federal,1429,1272,1236,1235,"89,01","86,49","86,42","574,54","542,95","505,51","556,69","553,58","548,33","131,24","112,12","109,25","126,19","74,78",1272,1258,0,1,4,0,6,0,2,1,"98,9",0,"0,08","0,31",0,"0,47",0,"0,16","0,08"
2018,AM,Municipal,187,99,90,90,"52,94","48,13","48,13","498,29","456,29","436,89","463,78","359,8","446,02","97,37","69,49","64,85","90,91","37,17",99,88,0,1,3,0,5,0,2,0,"88,89",0,"1,01","3,03",0,"5,05",0,"2,02",0
2018,AM,Privada,1920,1796,1756,1754,"93,54","91,46","91,35","609,5","570,38","537,62","586,03","617,47","585,76","137,8","124,69","121,02","137,59","96,37",1796,1773,1,4,7,0,7,0,3,1,"98,72","0,06","0,22","0,39",0,"0,39",0,"0,17","0,06"
2018,AP,Estadual,6218,5131,4821,4797,"82,52","77,53","77,15","525,89","486,49","457,84","488,87","441,17","482,5","111,81","84,53","80,41","108,33","56,08",5131,4846,4,46,110,0,93,1,23,8,"94,45","0,08","0,9","2,14",0,"1,81","0,02","0,45","0,16"
2018,AP,Federal,435,418,407,407,"96,09","93,56","93,56","588,12","552,69","513,81","550,92","583,92","559,93","133,54",119,"114,55","128,28","88,56",418,412,0,1,1,0,2,0,1,1,"98,56",0,"0,24","0,24",0,"0,48",0,"0,24","0,24"
2018,AP,Municipal,5,2,2,2,40,40,40,"547,9",513,"421,9","475,95",580,"507,75",130,120,110,140,80,2,2,0,0,0,0,0,0,0,0,100,0,0,0,0,0,0,0,0
2018,AP,Privada,816,790,775,774,"96,81","94,98","94,85","594,32","553,13","517,06","564,27","620,38","572,14","135,62","126,48","121,24","136,33","100,71",790,781,0,4,4,0,1,0,0,0,"98,86",0,"0,51","0,51",0,"0,13",0,0,0
2018,BA,Estadual,65764,54672,51836,51707,"83,13","78,82","78,63","533,61","491,87","463,79","494,6","461,28","491,16","113,11","90,69","85,77","109,36","62,35",54672,52677,33,284,786,0,685,25,137,45,"96,35","0,06","0,52","1,44",0,"1,25","0,05","0,25","0,08"
2018,BA,Federal,2677,2543,2503,2498,"94,99","93,5","93,31","612,93","572,55","542,49","596,65","654,49","596,77","141,11","134,48","130,66","139,49","108,75",2543,2530,0,1,6,0,4,1,1,0,"99,49",0,"0,04","0,24",0,"0,16","0,04","0,04",0
2018,BA,Municipal,600,426,389,388,71,"64,83","64,67","524,24","480,8","455,5","479,45","434,27","477,29","108,83","84,18","78,87","105,21","57,18",426,414,1,3,3,0,5,0,0,0,"97,18","0,23","0,7","0,7",0,"1,17",0,0,0
2018,BA,Privada,13784,13428,13288,13276,"97,42","96,4","96,31","616,44","572,27","546,59","605,42","665,37","601,88","140,93","137,23","130,51","142,91","113,79",13428,13352,3,13,34,0,19,0,7,0,"99,43","0,02","0,1","0,25",0,"0,14",0,"0,05",0
2018,Brasil,Estadual,1137366,896343,842831,840250,"78,81","74,1","73,88","544,44","505,03","472,45","509,62","464,9","501,84","114,69","91,49","86,58","109,64","62,51",896343,860845,962,5196,15727,0,9779,419,2514,901,"96,04","0,11","0,58","1,75",0,"1,09","0,05","0,28","0,1"
2018,Brasil,Federal,45777,43432,42735,42681,"94,88","93,35","93,24","614,69","574,27","546,61","610,67","647,51","599,72","138,82","133,17","127,56","138,49","109,47",43432,43143,10,22,143,0,54,5,42,13,"99,33","0,02","0,05","0,33",0,"0,12","0,01","0,1","0,03"
2018,Brasil,Municipal,13838,10425,9752,9731,"75,34","70,47","70,32","561,01","521,8","488,67","529,41","491,74","521,22","118,5","98,23","93,83","112,86","68,32",10425,10099,17,38,127,0,110,7,15,12,"96,87","0,16","0,36","1,22",0,"1,06","0,07","0,14","0,12"
2018,Brasil,Privada,251835,242250,238226,238029,"96,19","94,6","94,52","620,37","576,79","554,83","618,34",661,"607,27","140,74","136,07","129,51","142,1","112,58",242250,240814,54,264,619,0,293,13,148,45,"99,41","0,02","0,11","0,26",0,"0,12","0,01","0,06","0,02"
2018,CE,Estadual,108535,82221,78672,77962,"75,76","72,49","71,83","529,11","489,56","460,99","500,69","442,68","487,21","106,03","86,9","81,62","103,45","64,68",82221,76427,139,1175,2403,0,1599,51,318,109,"92,95","0,17","1,43","2,92",0,"1,94","0,06","0,39","0,13"
2018,CE,Federal,1072,1002,987,986,"93,47","92,07","91,98","603,71","563,28","533,64","595,51","634,91","586,65","136,29","128,52","124,45","138,66","106,99",1002,995,0,1,3,0,2,0,1,0,"99,3",0,"0,1","0,3",0,"0,2",0,"0,1",0
2018,CE,Municipal,225,106,90,90,"47,11",40,40,"512,48","471,06","456,98","471,34","367,74","459,55","96,42","73,77","68,87","87,74","40,94",106,99,0,0,4,0,2,0,1,0,"93,4",0,0,"3,77",0,"1,89",0,"0,94",0
2018,CE,Privada,10150,9913,9784,9777,"97,67","96,39","96,33","619,84","572,85","555,62","628,15","711,6","618,64","145,23","145,07","137,8","152,99","130,51",9913,9849,2,16,22,0,17,1,5,1,"99,35","0,02","0,16","0,22",0,"0,17","0,01","0,05","0,01"
2018,DF,Estadual,18515,15903,15160,15137,"85,89","81,88","81,76","558,54","526,56","483,59","517,55","500,48","519,79","121,21","99,97","95,04","114,79","69,47",15903,15508,6,39,217,0,83,11,31,8,"97,52","0,04","0,25","1,36",0,"0,52","0,07","0,19","0,05"
2018,DF,Federal,693,622,609,609,"89,75","87,88","87,88","614,01","580,79","549,83","604,19","610,19","592,56","137,56","124,31","120,68","132,38","95,27",622,619,0,0,2,0,0,0,0,1,"99,52",0,0,"0,32",0,0,0,0,"0,16"
2018,DF,Privada,7452,7131,7019,7015,"95,69","94,19","94,14","626,79","588,33","564,17","623,77","645,13","610,51","140,72","133,17","126,68","137,76","106,8",7131,7109,0,1,14,0,5,0,2,0,"99,69",0,"0,01","0,2",0,"0,07",0,"0,03",0
2018,ES,Estadual,25657,21611,20400,20347,"84,23","79,51","79,3","551,77","507,61","477,1","516,22","469,43","506,94","116,02","91,39","86,59","110,61","64,82",21611,20665,28,99,541,0,169,12,79,18,"95,62","0,13","0,46","2,5",0,"0,78","0,06","0,37","0,08"
2018,ES,Federal,2066,1994,1971,1969,"96,52","95,4","95,3","640,25","588,25","584,44","663,31","712,52","638,69","145,71","147,97","140,94","148,21","129,68",1994,1987,0,0,3,0,1,1,2,0,"99,65",0,0,"0,15",0,"0,05","0,05","0,1",0
2018,ES,Municipal,121,68,58,58,"56,2","47,93","47,93","542,27","482,73","466,37","507,09","373,53","480,56","95,59","70,29","68,82","90,29","48,53",68,60,0,0,4,0,1,1,1,1,"88,24",0,0,"5,88",0,"1,47","1,47","1,47","1,47"
2018,ES,Privada,3970,3874,3833,3829,"97,58","96,55","96,45","631,28","581,78","566,76","642,62","708,64","627,09","145,24","145,35","139,59","149,82","128,64",3874,3854,0,4,11,0,2,0,3,0,"99,48",0,"0,1","0,28",0,"0,05",0,"0,08",0
2018,GO,Estadual,45033,34585,31981,31922,"76,8","71,02","70,89","538,06","500,42","471,73","505,42","456,96","497,87","113,72","89,59","84,54","109,06","60,05",34585,33337,32,120,661,0,296,20,86,33,"96,39","0,09","0,35","1,91",0,"0,86","0,06","0,25","0,1"
2018,GO,Federal,1714,1645,1622,1619,"95,97","94,63","94,46","605,92","567,24","536,12","586,49","636,75","587,02","135,48","132,57","124,85","135,38","108,47",1645,1631,2,0,5,0,4,0,2,1,"99,15","0,12",0,"0,3",0,"0,24",0,"0,12","0,06"
2018,GO,Municipal,256,177,171,170,"69,14","66,8","66,41","556,53","516,75","492,29","529,55","502,49","522,81","121,58","97,74","95,25","118,53","69,38",177,174,0,0,1,0,2,0,0,0,"98,31",0,0,"0,56",0,"1,13",0,0,0
2018,GO,Privada,9191,8841,8723,8717,"96,19","94,91","94,84","615,17","571,4","555,92","612,31","680,52","608,07","142,12","138,95","132,05","147,27","120,13",8841,8803,1,5,19,0,7,0,3,3,"99,57","0,01","0,06","0,21",0,"0,08",0,"0,03","0,03"
2018,MA,Estadual,42554,34551,32984,32869,"81,19","77,51","77,24","520,64","479,94","456,6","483,8","433,16","476,51","111,13","81,35","77,15","108,18","55,35",34551,32935,33,329,416,0,722,8,66,42,"95,32","0,1","0,95","1,2",0,"2,09","0,02","0,19","0,12"
2018,MA,Federal,2552,2420,2371,2366,"94,83","92,91","92,71","582,46","545,37","508,34","552,36","576,82","554,41","130,79","116,05","110,88","129,21","89,9",2420,2378,1,2,24,0,6,0,7,2,"98,26","0,04","0,08","0,99",0,"0,25",0,"0,29","0,08"
2018,MA,Municipal,248,186,177,176,75,"71,37","70,97","501,96","457,75","450,2","472,19","394,73","456,68","103,66","75,59","69,89","101,29","44,3",186,173,0,2,3,0,5,0,2,1,"93,01",0,"1,08","1,61",0,"2,69",0,"1,08","0,54"
2018,MA,Privada,4536,4401,4327,4322,"97,02","95,39","95,28","595,03","551,68","525,36","572,21","621,14","574,19","137,5","125,03","118,9","138,94","100,78",4401,4353,0,19,15,0,10,0,3,1,"98,91",0,"0,43","0,34",0,"0,23",0,"0,07","0,02"
2018,MG,Estadual,109024,89516,84762,84616,"82,11","77,75","77,61","556,85","515,78","485,57","526,04","492,19","517,75","119,73","96,96","91,96","114,59","68,95",89516,87030,89,334,1228,0,535,27,202,71,"97,22","0,1","0,37","1,37",0,"0,6","0,03","0,23","0,08"
2018,MG,Federal,5751,5591,5545,5544,"97,22","96,42","96,4","636,26","592,26","576,27","657,82","705,14","633,99","145,24","145,02","139,18","147,62","128,07",5591,5574,3,3,7,0,2,0,2,0,"99,7","0,05","0,05","0,13",0,"0,04",0,"0,04",0
2018,MG,Municipal,1653,1333,1267,1267,"80,64","76,65","76,65","581,43","537,01","512,38","554,08","534,12","547,35","124,77","106,41","102,82","119,71","80,41",1333,1297,3,3,17,0,10,2,0,1,"97,3","0,23","0,23","1,28",0,"0,75","0,15",0,"0,08"
2018,MG,Privada,21535,21075,20920,20909,"97,86","97,14","97,09","642,04","593,7","584,82","662,68","736,89","644,62","149,21","151,75","144,65","155,45","135,83",21075,21010,2,7,31,0,12,0,9,4,"99,69","0,01","0,03","0,15",0,"0,06",0,"0,04","0,02"
2018,MS,Estadual,14694,11640,10923,10897,"79,22","74,34","74,16","545,96","507,25","478,04","505,61","463,49","502,64","115,94","90,82","85,6","110,65","60,48",11640,11308,8,40,135,0,107,4,26,12,"97,15","0,07","0,34","1,16",0,"0,92","0,03","0,22","0,1"
2018,MS,Federal,760,691,673,673,"90,92","88,55","88,55","611,62","572,74","543,15","606,83","630,22","594,21","136,67","130,16","124,49","135,69","103,21",691,686,0,0,3,0,1,0,1,0,"99,28",0,0,"0,43",0,"0,14",0,"0,14",0
2018,MS,Municipal,58,41,41,41,"70,69","70,69","70,69","533,03","485,23",460,"500,77","408,78","477,56","107,8","75,12","73,66","104,88","47,32",41,40,0,0,0,0,1,0,0,0,"97,56",0,0,0,0,"2,44",0,0,0
2018,MS,Privada,2674,2539,2486,2483,"94,95","92,97","92,86","618,27","575,53","562,33","615,21","676,53","610,89","142,23","139,61","133,37","145,39","115,94",2539,2517,0,4,7,0,7,1,2,1,"99,13",0,"0,16","0,28",0,"0,28","0,04","0,08","0,04"
2018,MT,Estadual,18420,14386,13437,13355,"78,1","72,95","72,5","533,9","494,46","466,86","497,08","433,76","488,21","109,68","83,68","78,77","105,62","56,01",14386,13631,15,79,384,0,195,11,54,17,"94,75","0,1","0,55","2,67",0,"1,36","0,08","0,38","0,12"
2018,MT,Federal,1931,1846,1805,1802,"95,6","93,47","93,32","596,12","556,69","526,04","572,55","612,25","574,09","133,1","125,29","118,13","132,5","103,24",1846,1830,0,1,11,0,2,0,1,1,"99,13",0,"0,05","0,6",0,"0,11",0,"0,05","0,05"
2018,MT,Municipal,47,27,23,23,"57,45","48,94","48,94","526,52","503,3","474,01","466,6","424,44","484,67","110,37","79,26","76,3","106,67","51,85",27,26,0,0,1,0,0,0,0,0,"96,3",0,0,"3,7",0,0,0,0,0
2018,MT,Privada,3081,2974,2912,2909,"96,53","94,51","94,42","609,31","562,85","542,04","603,61","655,21","596,23","138,57","133,66","126,02","143,57","113,39",2974,2937,2,3,18,0,7,0,3,4,"98,76","0,07","0,1","0,61",0,"0,24",0,"0,1","0,13"
2018,PA,Estadual,47478,39304,37341,37249,"82,78","78,65","78,46","528,02","484,16","460,16","490,04","455,81","485,82","112,95","87,07","82,52","111,35","61,92",39304,37642,44,316,534,0,553,20,114,81,"95,77","0,11","0,8","1,36",0,"1,41","0,05","0,29","0,21"
2018,PA,Federal,1116,1034,1014,1012,"92,65","90,86","90,68","599,2","555,03","527,79","572,2","627,49","577,76","135,73","126,02","122,13","139,07","104,55",1034,1029,1,0,3,0,1,0,0,0,"99,52","0,1",0,"0,29",0,"0,1",0,0,0
2018,PA,Municipal,1619,1182,1106,1105,"73,01","68,31","68,25","519,23","473,6","453,61","480,55","424,69","472,31","107,34","80,85","75,96","106,8","53,74",1182,1126,1,12,13,0,23,0,1,6,"95,26","0,08","1,02","1,1",0,"1,95",0,"0,08","0,51"
2018,PA,Privada,9669,9397,9300,9292,"97,19","96,18","96,1","605,49","557,5","530,69","577,09","665,91","588,34","139,94","133,16","126,88","147,56","118,38",9397,9297,3,24,42,0,13,1,13,4,"98,94","0,03","0,26","0,45",0,"0,14","0,01","0,14","0,04"
2018,PB,Estadual,21016,17654,16923,16886,84,"80,52","80,35","530,63","488,76","461,73","496,34","457,7","489,19","112,98","87,5","82,79","110,36","64,08",17654,16836,13,157,336,0,225,5,53,29,"95,37","0,07","0,89","1,9",0,"1,27","0,03","0,3","0,16"
2018,PB,Federal,1351,1299,1282,1280,"96,15","94,89","94,74","605,39","561,64","527,09","591,93","631,75","584,24","135,98","127,76","122,48","136,43","109,1",1299,1288,0,1,5,0,2,0,3,0,"99,15",0,"0,08","0,38",0,"0,15",0,"0,23",0
2018,PB,Municipal,106,88,85,85,"83,02","80,19","80,19","530,4","496,63","463,31","493,08","453,18","487,58","113,18","85,68","80,91","109,09","64,32",88,86,0,2,0,0,0,0,0,0,"97,73",0,"2,27",0,0,0,0,0,0
2018,PB,Privada,5929,5849,5803,5802,"98,65","97,87","97,86","609,73","560,42","539,73","601,86","670,34","597,29","141,48","134,86","127,67","148,04","118,28",5849,5804,0,12,16,0,10,0,7,0,"99,23",0,"0,21","0,27",0,"0,17",0,"0,12",0
2018,PE,Estadual,70095,51111,48214,48085,"72,92","68,78","68,6","532,58","493,31","466,22","506,13","448,17","492,38","110,89","86,96","82,11","107,03","61,18",51111,48009,48,474,1439,0,817,23,219,82,"93,93","0,09","0,93","2,82",0,"1,6","0,05","0,43","0,16"
2018,PE,Federal,1560,1470,1450,1446,"94,23","92,95","92,69","610,39","569,35","542,48","612,25","636,86","595,2","137,05","132,16","125,81","136,39","105,44",1470,1458,0,2,6,0,2,0,1,1,"99,18",0,"0,14","0,41",0,"0,14",0,"0,07","0,07"
2018,PE,Municipal,97,65,58,58,"67,01","59,79","59,79","524,88","471,82","467,19","489,54","432,31","485,37","105,23",88,"82,46","97,54","59,08",65,61,0,1,1,0,2,0,0,0,"93,85",0,"1,54","1,54",0,"3,08",0,0,0
2018,PE,Privada,10618,10423,10345,10340,"98,16","97,43","97,38","612,49","568,04","540,56","610,06","647,44","596,32","139,58","131,99","126,1","140,98","108,8",10423,10324,3,27,47,0,14,0,7,1,"99,05","0,03","0,26","0,45",0,"0,13",0,"0,07","0,01"
2018,PI,Estadual,22766,19308,18670,18646,"84,81","82,01","81,9","520,5",479,"455,98","487,08","440,67","478,18","109,78","84,21","79,24","108,08","59,36",19308,18485,17,229,246,0,261,13,37,20,"95,74","0,09","1,19","1,27",0,"1,35","0,07","0,19","0,1"
2018,PI,Federal,1312,1288,1284,1283,"98,17","97,87","97,79","597,51","559,32","525,74","583,82","655,68","584,66","138,15","133,71","126,72","141,44","115,65",1288,1284,1,1,2,0,0,0,0,0,"99,69","0,08","0,08","0,16",0,0,0,0,0
2018,PI,Municipal,165,116,114,114,"70,3","69,09","69,09","485,61","448,75","433,49","458,48","341,72","434,26","95,69","62,07","58,97","88,79","36,21",116,104,0,1,4,0,4,1,2,0,"89,66",0,"0,86","3,45",0,"3,45","0,86","1,72",0
2018,PI,Privada,4877,4775,4752,4748,"97,91","97,44","97,35","614,53","569,91","547,78","611,33","695,15","608,03","144,45","141,01","132,85","152,78","124,07",4775,4745,0,18,6,0,2,1,3,0,"99,37",0,"0,38","0,13",0,"0,04","0,02","0,06",0
2018,PR,Estadual,53097,41447,38541,38492,"78,06","72,59","72,49","560,61","517,99","483,13","517,93","466,76","512,07","117,77","91,94","87,13","109,95","59,95",41447,40359,27,88,527,0,330,14,76,26,"97,37","0,07","0,21","1,27",0,"0,8","0,03","0,18","0,06"
2018,PR,Federal,1433,1345,1320,1319,"93,86","92,11","92,04","634,23","592,69","566,22","632,84","641,44","613,97",140,"134,99","129,43","135,35","101,68",1345,1343,0,1,1,0,0,0,0,0,"99,85",0,"0,07","0,07",0,0,0,0,0
2018,PR,Municipal,117,67,61,60,"57,26","52,14","51,28","548,58","495,06",469,"499,73","426,57","489,37","109,25","83,88",80,"101,49","51,94",67,64,0,0,0,0,2,0,0,1,"95,52",0,0,0,0,"2,99",0,0,"1,49"
2018,PR,Privada,14082,12990,12597,12585,"92,25","89,45","89,37","623,52","580,98","561,32",621,"625,77","603,8","138,01","130,59","124,59","133,88","98,7",12990,12930,3,6,31,0,8,2,7,3,"99,54","0,02","0,05","0,24",0,"0,06","0,02","0,05","0,02"
2018,RJ,Estadual,66935,52292,48797,48698,"78,12","72,9","72,75","553,74","515,57","474,74","511,34","475,14","508,88","117,11","94,31","89,2","110,41","64,11",52292,50385,78,194,946,0,431,24,180,54,"96,35","0,15","0,37","1,81",0,"0,82","0,05","0,34","0,1"
2018,RJ,Federal,4718,4438,4363,4355,"94,07","92,48","92,31","642,33","600,32","575,55","659,07","707,56","637,86","146,04","146,5","140,8","148,57","125,65",4438,4420,0,1,6,0,3,2,6,0,"99,59",0,"0,02","0,14",0,"0,07","0,05","0,14",0
2018,RJ,Municipal,1197,907,853,853,"75,77","71,26","71,26","571,43","534,28","492,52","538,89","519,34","534,1","121,17","104,21","99,71","117,55","76,69",907,871,1,4,19,0,10,0,1,1,"96,03","0,11","0,44","2,09",0,"1,1",0,"0,11","0,11"
2018,RJ,Privada,29650,28515,28026,27998,"96,17","94,52","94,43","621,89","577,3","550,05","617,64","664,96","607,63","141,26","137,14","129,96","143,63","112,96",28515,28336,10,17,92,0,35,1,22,2,"99,37","0,04","0,06","0,32",0,"0,12",0,"0,08","0,01"
2018,RN,Estadual,15246,12485,11857,11824,"81,89","77,77","77,55","531,82","491,79","461,45","498,2","446,19","488,22","111,53","86,1","81,34","107,73","59,5",12485,11917,17,73,241,0,164,5,54,14,"95,45","0,14","0,58","1,93",0,"1,31","0,04","0,43","0,11"
2018,RN,Federal,2770,2679,2645,2643,"96,71","95,49","95,42","614,61","579,68","544,01","614,05","677,45","606,42",142,"140,17","134,71","143,45","117,11",2679,2660,2,3,8,0,0,0,4,2,"99,29","0,07","0,11","0,3",0,0,0,"0,15","0,07"
2018,RN,Municipal,62,45,43,43,"72,58","69,35","69,35","518,91","488,5","459,58","502,85",448,"486,98",112,88,"80,89",108,"59,11",45,43,0,0,0,0,2,0,0,0,"95,56",0,0,0,0,"4,44",0,0,0
2018,RN,Privada,4650,4560,4510,4508,"98,06","96,99","96,95","606,84","563,04","538,19","596,97","644,79","590,93","138,03","130,62","123,61","141,55","110,98",4560,4514,5,5,20,0,12,1,2,1,"98,99","0,11","0,11","0,44",0,"0,26","0,02","0,04","0,02"
2018,RO,Estadual,12019,9262,8583,8558,"77,06","71,41","71,2","533,08","493,72","467,19","498,96","444,92","490,81","109,8","86,4","81,64","106,47","60,61",9262,8772,10,60,211,0,155,12,28,14,"94,71","0,11","0,65","2,28",0,"1,67","0,13","0,3","0,15"
2018,RO,Federal,1003,960,936,934,"95,71","93,32","93,12","587,7","556,99","517,11","570,61","598,15","567,43","130,88","122,19","115,38","130,23","99,48",960,952,0,0,6,0,2,0,0,0,"99,17",0,0,"0,62",0,"0,21",0,0,0
2018,RO,Municipal,26,14,11,11,"53,85","42,31","42,31","519,74","463,73","468,3","494,45","284,29","463,5","82,86","47,14","48,57","77,14","28,57",14,11,0,0,1,0,2,0,0,0,"78,57",0,0,"7,14",0,"14,29",0,0,0
2018,RO,Privada,924,883,864,862,"95,56","93,51","93,29","598,19","558,02","532,23","587,66","607,23","578,02","133,11","125,75","118,19","132,5","97,67",883,875,0,1,4,0,1,0,1,1,"99,09",0,"0,11","0,45",0,"0,11",0,"0,11","0,11"
2018,RR,Estadual,2807,2068,1885,1878,"73,67","67,15","66,9","531,62","495,92","471,68","500,07","423,93","488,38","110,76","81,31","77,63","104,63","49,59",2068,1941,3,14,63,0,35,1,11,0,"93,86","0,15","0,68","3,05",0,"1,69","0,05","0,53",0
2018,RR,Federal,405,364,352,351,"89,88","86,91","86,67","575,22","546,95","503,92","549,72","545,66","545,73","128,63","107,47","103,24","125,99","80,33",364,362,0,1,1,0,0,0,0,0,"99,45",0,"0,27","0,27",0,0,0,0,0
2018,RR,Municipal,2,1,1,1,50,50,50,"550,1",505,"429,1","494,3",340,"463,7",100,40,40,120,40,1,1,0,0,0,0,0,0,0,0,100,0,0,0,0,0,0,0,0
2018,RR,Privada,337,330,323,322,"97,92","95,85","95,55","604,45","562,2","533,15","578,34","577,88","572,33","134,18","115,82","109,7","128,73","89,45",330,327,0,0,2,0,1,0,0,0,"99,09",0,0,"0,61",0,"0,3",0,0,0
2018,RS,Estadual,39524,31610,29269,29220,"79,98","74,05","73,93","563,73","521,79","482,73","522,12","488,13","518,93","120,33","96,74","92,47","113,14","65,45",31610,30669,31,53,605,0,146,13,75,18,"97,02","0,1","0,17","1,91",0,"0,46","0,04","0,24","0,06"
2018,RS,Federal,2612,2468,2423,2423,"94,49","92,76","92,76","619,69","577,88","546,28","612,91","624,77","597,46","136,74","129,22","123,72","133,06","102,03",2468,2454,0,0,10,0,1,0,1,2,"99,43",0,0,"0,41",0,"0,04",0,"0,04","0,08"
2018,RS,Municipal,606,449,423,422,"74,09","69,8","69,64","566,48","522,09","487,13","524,74","492,2","522,28","119,47","98,75","95,19","111,71","67,08",449,436,1,0,8,0,3,0,1,0,"97,1","0,22",0,"1,78",0,"0,67",0,"0,22",0
2018,RS,Privada,5064,4655,4501,4496,"91,92","88,88","88,78","610,59","570,74","537,7","595,65","616,14","588,28","135,97","127,57","121,36","131,93","99,3",4655,4607,1,4,31,0,5,1,6,0,"98,97","0,02","0,09","0,67",0,"0,11","0,02","0,13",0
2018,SC,Estadual,34162,27023,25190,25156,"79,1","73,74","73,64","567,28","522,7","486,92","526,57","491,17","521,59","120,87","98,55","93,73","112,83","65,18",27023,26415,12,35,336,0,150,9,51,15,"97,75","0,04","0,13","1,24",0,"0,56","0,03","0,19","0,06"
2018,SC,Federal,2392,2238,2204,2200,"93,56","92,14","91,97","622,91","579,31","555,21","614,8","614,25","598,41","135,71","126,57","123,14","130,18","98,66",2238,2224,0,0,8,0,2,0,4,0,"99,37",0,0,"0,36",0,"0,09",0,"0,18",0
2018,SC,Municipal,364,240,214,213,"65,93","58,79","58,52","570,75","526,82","507,38","539,76","469,92","527,88",117,"94,08","90,5","106,83","61,5",240,229,1,2,2,0,5,0,1,0,"95,42","0,42","0,83","0,83",0,"2,08",0,"0,42",0
2018,SC,Privada,8195,7744,7532,7527,"94,5","91,91","91,85","627,37","584,7","566,16","630,18","639,18","610,8","139,45","133,2","126,18","137,19","103,16",7744,7699,3,3,22,0,11,0,3,3,"99,42","0,04","0,04","0,28",0,"0,14",0,"0,04","0,04"
2018,SE,Estadual,12177,9965,9541,9522,"81,83","78,35","78,2","533,66","490,93",464,"492,72","472,93","493,03","113,33","92,21","86,31","111,07","70,02",9965,9557,8,72,163,0,110,11,33,11,"95,91","0,08","0,72","1,64",0,"1,1","0,11","0,33","0,11"
2018,SE,Federal,443,409,398,398,"92,33","89,84","89,84","598,1","555,47","521,11","572,27","637,8","578,54","135,99","131,44","122,49","136,72","111,15",409,403,0,0,5,0,0,0,0,1,"98,53",0,0,"1,22",0,0,0,0,"0,24"
2018,SE,Municipal,4,3,3,3,75,75,75,"487,47","436,93","433,57","430,67","86,67","375,06",20,"13,33","13,33","26,67","13,33",3,1,0,0,1,0,1,0,0,0,"33,33",0,0,"33,33",0,"33,33",0,0,0
2018,SE,Privada,3938,3853,3830,3826,"97,84","97,26","97,16","608,11","562,53","541,97","595,33","682,98","598,81","140,91","140,15","131,59","147,7","122,64",3853,3812,0,13,19,0,4,0,3,2,"98,94",0,"0,34","0,49",0,"0,1",0,"0,08","0,05"
2018,SP,Estadual,222264,169921,157348,156935,"76,45","70,79","70,61","560,44","525,26","482,37","527,21","479,24","517,72","117,83","96,88","91,75","110,4","62,38",169921,165419,218,405,2339,0,994,75,371,100,"97,35","0,13","0,24","1,38",0,"0,58","0,04","0,22","0,06"
2018,SP,Federal,1269,1214,1196,1192,"95,67","94,25","93,93","626,5","586,52","562,14","628,09","647,97","610,78","138,78","137,55","129,36","135,42","106,87",1214,1208,0,1,2,0,1,1,1,0,"99,51",0,"0,08","0,16",0,"0,08","0,08","0,08",0
2018,SP,Municipal,6008,4757,4447,4433,"79,18","74,02","73,78","575,34","540,88","498,86","546,83","516,85","537,96","122,94","105,12","100,52","115,57","72,7",4757,4667,9,7,42,0,25,3,3,1,"98,11","0,19","0,15","0,88",0,"0,53","0,06","0,06","0,02"
2018,SP,Privada,68700,65562,64124,64063,"95,43","93,34","93,25","624,11","583,59","561,27","625,45","641,54","608,12","138,57","133,52","127,72","136,05","105,67",65562,65310,14,36,88,0,71,4,28,11,"99,62","0,02","0,05","0,13",0,"0,11","0,01","0,04","0,02"
2018,TO,Estadual,11038,8594,8092,8073,"77,86","73,31","73,14","521,11","480,7","460,24","489,26","446,7","481,84","111,86","86,22","81,39","109,92","57,31",8594,8301,7,60,111,0,78,6,23,8,"96,59","0,08","0,7","1,29",0,"0,91","0,07","0,27","0,09"
2018,TO,Federal,705,672,659,658,"95,32","93,48","93,33","590,86","552,35","521,02","560,97","590,03","564,21","132,44","120,68","113,81","131,61","91,49",672,665,0,0,3,0,4,0,0,0,"98,96",0,0,"0,45",0,"0,6",0,0,0
2018,TO,Municipal,9,2,2,2,"22,22","22,22","22,22","526,2","471,85","476,65","450,6",490,"483,06",90,110,100,90,100,2,2,0,0,0,0,0,0,0,0,100,0,0,0,0,0,0,0,0
2018,TO,Privada,1059,1021,1006,1005,"96,41",95,"94,9","618,2","571,25","562,25","615,18","682,92","611,51","142,62","141,9","133,69","146,97","117,73",1021,1013,0,3,3,0,1,0,1,0,"99,22",0,"0,29","0,29",0,"0,1",0,"0,1",0
2019,AC,Estadual,4549,4062,3836,3829,"89,29","84,33","84,17","471,64","492,52","442,95","477,78","529,79","486,2","112,01","115,55","105,87","116,46","79,9",4062,3885,7,33,52,0,58,1,17,9,"95,64","0,17","0,81","1,28",0,"1,43","0,02","0,42","0,22"
2019,AC,Federal,435,428,421,421,"98,39","96,78","96,78","514,98","528,04","500,74","539,73","650,23","547,57","130,28","137,66","128,18","137,01","117,1",428,424,0,0,0,0,3,0,1,0,"99,07",0,0,0,0,"0,7",0,"0,23",0
2019,AC,Municipal,9,7,6,6,"77,78","66,67","66,67","464,36","453,96","417,3","429,32","431,43","431,76","97,14","94,29","91,43","108,57",40,7,6,0,0,0,0,1,0,0,0,"85,71",0,0,0,0,"14,29",0,0,0
2019,AC,Privada,337,332,330,330,"98,52","97,92","97,92","570,81","560,5","531,28","593,62","791,45","609,83","147,23","167,77","154,88","163,43","158,13",332,330,0,2,0,0,0,0,0,0,"99,4",0,"0,6",0,0,0,0,0,0
2019,AL,Estadual,13410,11470,10955,10943,"85,53","81,69","81,6","460,54","478,86","433,3","467,74","506,1","471,96","106,88","110,71","101,31","110,6","76,6",11470,10533,8,148,418,0,272,11,69,11,"91,83","0,07","1,29","3,64",0,"2,37","0,1","0,6","0,1"
2019,AL,Federal,1626,1547,1529,1527,"95,14","94,03","93,91","537,86","545,19","510,05","580,37","679,56","571,3","135,33","143,75","135,36","140,98","124,14",1547,1527,0,2,12,0,3,0,2,1,"98,71",0,"0,13","0,78",0,"0,19",0,"0,13","0,06"
2019,AL,Municipal,12,5,5,5,"41,67","41,67","41,67","477,96","481,66",494,"496,06",500,"489,94",112,116,104,112,56,5,5,0,0,0,0,0,0,0,0,100,0,0,0,0,0,0,0,0
2019,AL,Privada,2503,2468,2449,2449,"98,6","97,84","97,84","537,64","544,79","508,79","582,1","693,21",574,"136,11","148,07","137,19","143,23","128,61",2468,2430,0,11,14,0,8,0,5,0,"98,46",0,"0,45","0,57",0,"0,32",0,"0,2",0
2019,AM,Estadual,22813,18799,17574,17507,"82,4","77,04","76,74","467,44","487,61","437,6","470,26","490,18","473,85","109,91","106,56","100,5","109,9","63,3",18799,17398,19,364,360,0,504,12,101,41,"92,55","0,1","1,94","1,91",0,"2,68","0,06","0,54","0,22"
2019,AM,Federal,1351,1228,1189,1186,"90,9","88,01","87,79","506,68","524,52","482,35",525,"605,77","530,59","129,38","127,31","122,43","131,24","95,41",1228,1213,0,3,6,0,6,0,0,0,"98,78",0,"0,24","0,49",0,"0,49",0,0,0
2019,AM,Municipal,64,40,37,37,"62,5","57,81","57,81","445,64","455,29","408,22","458,74","436,5","439,14","101,5",97,93,"97,5","47,5",40,36,0,2,2,0,0,0,0,0,90,0,5,5,0,0,0,0,0
2019,AM,Privada,1589,1484,1438,1436,"93,39","90,5","90,37","556,72","563,94","527,01","595,36","680,62","587,25","139,6","139,23","137,2","144,25","120,35",1484,1458,0,5,8,0,8,1,3,1,"98,25",0,"0,34","0,54",0,"0,54","0,07","0,2","0,07"
2019,AP,Estadual,5112,4494,4240,4237,"87,91","82,94","82,88","464,19","480,27","434,26","462,13","509,57","473,13","109,06","111,28","103,84","111,34","74,05",4494,4161,3,53,133,0,110,2,29,3,"92,59","0,07","1,18","2,96",0,"2,45","0,04","0,65","0,07"
2019,AP,Federal,451,438,428,428,"97,12","94,9","94,9","523,9","536,27","496,15","538,74","636,85","548,36","129,54","135,39","127,99","133,24","110,68",438,433,0,0,2,0,1,0,2,0,"98,86",0,0,"0,46",0,"0,23",0,"0,46",0
2019,AP,Privada,572,551,539,539,"96,33","94,23","94,23","544,67","550,5","506,83","553,75","699,89","572,68","138,66","147,3","141,6","145,77","126,57",551,545,0,3,2,0,1,0,0,0,"98,91",0,"0,54","0,36",0,"0,18",0,0,0
2019,BA,Estadual,58065,50234,47992,47895,"86,51","82,65","82,49","474,75","493,09","445,54","479,33","525,73","485,92","110,94","114,02","105,48","113,63","81,66",50234,47504,42,459,1075,0,912,41,151,50,"94,57","0,08","0,91","2,14",0,"1,82","0,08","0,3","0,1"
2019,BA,Federal,3244,3085,3045,3041,"95,1","93,87","93,74","557,91","558,33","526,83","589,23","694,35","586,15","138,59","146,1","140,53","142,67","126,46",3085,3068,0,1,7,0,5,0,4,0,"99,45",0,"0,03","0,23",0,"0,16",0,"0,13",0
2019,BA,Municipal,388,335,318,318,"86,34","81,96","81,96","458,42","479,19","439,76","468,16","509,07","474,65","108,84","110,21","103,16","113,49","73,37",335,313,0,1,3,0,14,0,3,1,"93,43",0,"0,3","0,9",0,"4,18",0,"0,9","0,3"
2019,BA,Privada,8626,8411,8316,8307,"97,51","96,41","96,3","563,75","561,57","535,11","607,73","726,94","600,06","141,09","154,58","144,74","150,08","136,45",8411,8351,1,11,23,0,12,0,8,5,"99,29","0,01","0,13","0,27",0,"0,14",0,"0,1","0,06"
2019,Brasil,Estadual,924321,786279,744846,743392,"85,07","80,58","80,43","485,94","503,87","455,01","497,21","535,23","498,19","114,12","115,45","106,98","115,49","83,19",786279,745222,877,7664,17606,0,10787,693,2627,802,"94,78","0,11","0,97","2,24",0,"1,37","0,09","0,33","0,1"
2019,Brasil,Federal,49087,47343,46717,46676,"96,45","95,17","95,09","559,48","559,15","532,02","605,68","698,7","591,85","138,48","146,53","139,34","144,29","130,06",47343,46968,17,43,196,0,69,3,38,9,"99,21","0,04","0,09","0,41",0,"0,15","0,01","0,08","0,02"
2019,Brasil,Municipal,9650,8286,7873,7856,"85,87","81,59","81,41","509,13","522,91","478,99","526,44","565,46","523,18","119,74","120,68","112,87","120,21","91,95",8286,7984,8,38,115,0,101,9,19,12,"96,36","0,1","0,46","1,39",0,"1,22","0,11","0,23","0,14"
2019,Brasil,Privada,164329,158324,156068,155964,"96,35","94,97","94,91","571,59","567,97","544,78","627,83","729,44","609,3","142,58","153,23","144,8","150,99","137,83",158324,157236,30,225,500,0,182,15,104,32,"99,31","0,02","0,14","0,32",0,"0,11","0,01","0,07","0,02"
2019,CE,Estadual,104293,84431,81120,80652,"80,96","77,78","77,33","469,45","486,37","443,09","486,42","504,71","480,76","105,66","109,12","100,16","109,45","80,32",84431,76374,149,1827,3093,0,2273,180,401,134,"90,46","0,18","2,16","3,66",0,"2,69","0,21","0,47","0,16"
2019,CE,Federal,1137,1080,1074,1070,"94,99","94,46","94,11","544,88","548,28","517,19","590,28","678,17","576,34","134,83","141,56","135,04","140,43","126,31",1080,1066,0,0,10,0,2,1,0,1,"98,7",0,0,"0,93",0,"0,19","0,09",0,"0,09"
2019,CE,Municipal,146,78,73,72,"53,42",50,"49,32","474,81","492,58","444,48","454,64","455,64","467,32","98,21","100,77","91,03","99,74","65,9",78,70,0,0,2,0,3,0,2,1,"89,74",0,0,"2,56",0,"3,85",0,"2,56","1,28"
2019,CE,Privada,6737,6549,6497,6495,"97,21","96,44","96,41","575,58","568,06","550,11","639,98","777,11","622,91","147,96","162,73","152,49","161,62","152,31",6549,6512,1,10,20,0,4,0,2,0,"99,44","0,02","0,15","0,31",0,"0,06",0,"0,03",0
2019,DF,Estadual,15063,13626,13045,13028,"90,46","86,6","86,49","498,62","521,6","465,26","502,72","563,93","512,85","119,28","120,95","112,84","118,57","92,29",13626,13197,6,35,262,0,75,12,28,11,"96,85","0,04","0,26","1,92",0,"0,55","0,09","0,21","0,08"
2019,DF,Federal,531,500,490,490,"94,16","92,28","92,28","557,29","561,47","527,46","588,66","636,96","575,89","132,4","134,16","128,44","133,32","108,64",500,494,0,1,3,0,2,0,0,0,"98,8",0,"0,2","0,6",0,"0,4",0,0,0
2019,DF,Privada,5481,5211,5150,5150,"95,07","93,96","93,96","579,25","575,74","554,06","631,61","713,27","611,49","141,93","149,61","141,77","146,62","133,34",5211,5179,0,6,15,0,8,2,1,0,"99,39",0,"0,12","0,29",0,"0,15","0,04","0,02",0
2019,ES,Estadual,20317,17893,16902,16875,"88,07","83,19","83,06","491,98","507,59","462,36","510,17","555,54","508,57","117,19","117,28","110,07","118,22","92,79",17893,17134,18,92,413,0,137,23,59,17,"95,76","0,1","0,51","2,31",0,"0,77","0,13","0,33","0,1"
2019,ES,Federal,2364,2308,2295,2290,"97,63","97,08","96,87","592,89","578,72","571,28","669,84","765,53","636,43","147,48","159,63","152,42","157,16","148,85",2308,2296,0,2,8,0,0,0,1,1,"99,48",0,"0,09","0,35",0,0,0,"0,04","0,04"
2019,ES,Municipal,24,18,15,15,75,"62,5","62,5","454,81","477,31","452,17","443,15","445,56","454,94","96,67","95,56","85,56","96,67","71,11",18,15,0,1,2,0,0,0,0,0,"83,33",0,"5,56","11,11",0,0,0,0,0
2019,ES,Privada,2717,2623,2599,2599,"96,54","95,66","95,66","579,57","570,13","554,9","645,58","769,62","624,43","147,04","160,87","153,69","158,51","149,52",2623,2602,1,2,14,0,1,1,2,0,"99,2","0,04","0,08","0,53",0,"0,04","0,04","0,08",0
2019,GO,Estadual,27997,24552,23371,23352,"87,7","83,48","83,41","488,61","507,97","458,01","502,58","553,27","504,75","116,55","119,93","110,18","119,06","87,55",24552,23679,23,123,433,0,194,16,67,17,"96,44","0,09","0,5","1,76",0,"0,79","0,07","0,27","0,07"
2019,GO,Federal,1716,1662,1635,1635,"96,85","95,28","95,28","552,59","553,35","525,7","586,16","694,26","583,29","136,32","146,15","137,57","142,48","131,74",1662,1653,1,1,7,0,0,0,0,0,"99,46","0,06","0,06","0,42",0,0,0,0,0
2019,GO,Municipal,135,122,119,118,"90,37","88,15","87,41","503,22","522,27","479,55","529,02","583,77","525,84","125,9","122,95","115,9","122,79","96,23",122,120,0,0,1,0,1,0,0,0,"98,36",0,0,"0,82",0,"0,82",0,0,0
2019,GO,Privada,5697,5471,5411,5404,"96,03","94,98","94,86","568,51","564,13","547,48","622,7","750,89","611,64","143,71","159,14","149,01","155,8","143,22",5471,5430,1,12,18,0,5,0,4,1,"99,25","0,02","0,22","0,33",0,"0,09",0,"0,07","0,02"
2019,MA,Estadual,38013,32572,31295,31229,"85,69","82,33","82,15","458,97","479,18","433,85","467,84","503,31","470,41","108,76","109,7","102,04","111,51","71,31",32572,30519,33,767,538,0,523,24,112,56,"93,7","0,1","2,35","1,65",0,"1,61","0,07","0,34","0,17"
2019,MA,Federal,2695,2598,2562,2560,"96,4","95,06","94,99","520,6","527,89","490,4","533,64","647,82","544,89","129,98","136,53","129,75","135,34","116,23",2598,2550,2,6,23,0,12,1,4,0,"98,15","0,08","0,23","0,89",0,"0,46","0,04","0,15",0
2019,MA,Municipal,87,78,77,77,"89,66","88,51","88,51","461,79","470,06","434,48","469,97","472,56","462,9","101,54","101,54","94,1","105,13","70,26",78,69,1,2,1,0,4,0,1,0,"88,46","1,28","2,56","1,28",0,"5,13",0,"1,28",0
2019,MA,Privada,2701,2605,2566,2565,"96,45",95,"94,96","545,27","546,96","512,74","577,6","706,3","579,23","139,09","148,15","141,62","149,4","128,03",2605,2563,0,12,16,0,9,0,4,1,"98,39",0,"0,46","0,61",0,"0,35",0,"0,15","0,04"
2019,MG,Estadual,87070,75207,71571,71486,"86,38","82,2","82,1","496,61","513,86","467,27","516,17","558,86","513,36","118,43","119,96","111,05","119,45","89,97",75207,72310,78,517,1396,0,597,57,199,53,"96,15","0,1","0,69","1,86",0,"0,79","0,08","0,26","0,07"
2019,MG,Federal,5615,5476,5440,5434,"97,52","96,88","96,78","585,15","576,25","560,95","658,78","759,02","628,49","146,36","159,05","150,39","155,92","147,29",5476,5452,2,5,10,0,6,0,0,1,"99,56","0,04","0,09","0,18",0,"0,11",0,0,"0,02"
2019,MG,Municipal,1362,1224,1178,1176,"89,87","86,49","86,34","527,48","538,01","497,98","545,31","611,32","546,62","126,99","128,86","121,14","128,06","106,27",1224,1203,2,1,9,0,5,2,2,0,"98,28","0,16","0,08","0,74",0,"0,41","0,16","0,16",0
2019,MG,Privada,14126,13815,13722,13716,"97,8","97,14","97,1","594,6","580,92","568,75","669,52","795,53","642,48","150,28","167,36","157,18","164,14","156,57",13815,13765,6,6,22,0,7,1,5,3,"99,64","0,04","0,04","0,16",0,"0,05","0,01","0,04","0,02"
2019,MS,Estadual,12648,11121,10495,10479,"87,93","82,98","82,85","487,39","506,57","458,19",496,"537,61","500,43","115,5","115,82","107,27","116,1","82,92",11121,10651,11,52,232,0,129,8,28,10,"95,77","0,1","0,47","2,09",0,"1,16","0,07","0,25","0,09"
2019,MS,Federal,913,860,838,837,"94,19","91,79","91,68","551,01","557,92","525,72","600,31","674,35","583,36","135,4","141,47","133,35","139,79","124,35",860,853,1,0,5,0,0,0,1,0,"99,19","0,12",0,"0,58",0,0,0,"0,12",0
2019,MS,Municipal,31,27,26,26,"87,1","83,87","83,87","469,74","472,08","474,5","494,23","500,74","481,71","119,26","116,3","101,48","111,85","51,85",27,27,0,0,0,0,0,0,0,0,100,0,0,0,0,0,0,0,0
2019,MS,Privada,1947,1856,1819,1819,"95,33","93,43","93,43","561,9","562,92","540,87","618,83","730,34","604,73","143,03","151,63","145,42","152,73","137,54",1856,1839,0,2,10,0,2,0,3,0,"99,08",0,"0,11","0,54",0,"0,11",0,"0,16",0
2019,MT,Estadual,14081,12050,11289,11263,"85,58","80,17","79,99","477,03","493,36","448,14","482,44","515,72","486,85","110,28","111,91","103,1","112,44","77,99",12050,11302,13,89,403,0,160,10,64,9,"93,79","0,11","0,74","3,34",0,"1,33","0,08","0,53","0,07"
2019,MT,Federal,1863,1799,1772,1770,"96,56","95,12","95,01","538,04","540,61","508,72","564,36","661,88","563,72","131,87","139,7","131,87","137,47","120,97",1799,1779,1,3,11,0,5,0,0,0,"98,89","0,06","0,17","0,61",0,"0,28",0,0,0
2019,MT,Municipal,26,20,20,20,"76,92","76,92","76,92","448,68",471,"422,26","455,16",448,"449,02",103,97,89,101,58,20,19,0,1,0,0,0,0,0,0,95,0,5,0,0,0,0,0,0
2019,MT,Privada,2052,1985,1955,1954,"96,73","95,27","95,22","556,17","552,82","529,66","609,9","736,09","598,28","141,38","154,74","145,26","154,05","140,66",1985,1961,0,1,8,0,8,2,4,1,"98,79",0,"0,05","0,4",0,"0,4","0,1","0,2","0,05"
2019,PA,Estadual,37767,33320,31833,31792,"88,23","84,29","84,18","467,41","481,38","439,48","467,3","526,56","478,9","109,57","114,54","105,89","114,52","82,05",33320,31199,43,441,723,0,681,29,142,62,"93,63","0,13","1,32","2,17",0,"2,04","0,09","0,43","0,19"
2019,PA,Federal,1567,1515,1496,1496,"96,68","95,47","95,47","533,71","539,29","507,02","550,71","670,55","561,01","131,88","141,43","134,17","139,88","123,19",1515,1494,0,4,10,0,4,0,2,1,"98,61",0,"0,26","0,66",0,"0,26",0,"0,13","0,07"
2019,PA,Municipal,1035,886,843,841,"85,6","81,45","81,26","453,56","467,55","433,14","457,24","485,67","461,45","103,59","107,56","98,37","107,18","68,96",886,817,0,13,15,0,29,4,4,4,"92,21",0,"1,47","1,69",0,"3,27","0,45","0,45","0,45"
2019,PA,Privada,6371,6196,6130,6129,"97,25","96,22","96,2","550,8","548,93","521,52","572,09","740,27","587,54","140,83","155,93","146,94","154,05","142,52",6196,6117,1,25,21,0,19,1,8,4,"98,72","0,02","0,4","0,34",0,"0,31","0,02","0,13","0,06"
2019,PB,Estadual,21105,18493,17824,17799,"87,62","84,45","84,34","472,06","488,71","443,09","479,95","539,41","487,21","111,79","116,04","107,31","116,48","87,8",18493,17347,17,242,496,0,267,12,82,30,"93,8","0,09","1,31","2,68",0,"1,44","0,06","0,44","0,16"
2019,PB,Federal,1736,1690,1676,1675,"97,35","96,54","96,49","543,81","547,74","517,27","580,7","690,71","576,42","135,35","145,12","137,05","142,24","130,95",1690,1670,0,5,9,0,2,0,4,0,"98,82",0,"0,3","0,53",0,"0,12",0,"0,24",0
2019,PB,Municipal,50,39,39,39,78,78,78,"487,7","492,93","456,92","488,66","490,26","483,29","106,67","104,62","93,33","108,72","76,92",39,35,0,1,2,0,1,0,0,0,"89,74",0,"2,56","5,13",0,"2,56",0,0,0
2019,PB,Privada,4047,3987,3972,3971,"98,52","98,15","98,12","559,84","556,85","534,92","609,84","754,31","603,52","144,04","158,21","149,16","157,76","145,13",3987,3951,0,10,15,0,5,0,5,1,"99,1",0,"0,25","0,38",0,"0,13",0,"0,13","0,03"
2019,PE,Estadual,53382,45391,43434,43371,"85,03","81,36","81,25","478,35","496,97","450,84","496,06","529,95","493,34","111,08","115,23","106,31","113,95","83,38",45391,42147,45,637,1444,0,783,50,217,68,"92,85","0,1","1,4","3,18",0,"1,73","0,11","0,48","0,15"
2019,PE,Federal,1474,1431,1419,1419,"97,08","96,27","96,27","559,67","560,57","537,55","617,08","701,75","595,83","138,78","148,97","140,21","144,28","129,5",1431,1425,1,0,1,0,2,0,0,2,"99,58","0,07",0,"0,07",0,"0,14",0,0,"0,14"
2019,PE,Municipal,18,14,10,10,"77,78","55,56","55,56","467,09","480,21","450,13","474,03","472,86","493,57","105,71","105,71","92,86","108,57",60,14,14,0,0,0,0,0,0,0,0,100,0,0,0,0,0,0,0,0
2019,PE,Privada,6632,6508,6465,6460,"98,13","97,48","97,41","565,66","562,35","536,38","619,91","728,48","603,14","142,24","154,14","146,23","150,61","135,27",6508,6460,0,11,26,0,6,0,5,0,"99,26",0,"0,17","0,4",0,"0,09",0,"0,08",0
2019,PI,Estadual,19307,17013,16532,16512,"88,12","85,63","85,52","462,18","480,65","438,19","473,23","527,21","478,07","109,85","114,96","105,68","115,27","81,44",17013,15977,10,322,281,0,337,16,55,15,"93,91","0,06","1,89","1,65",0,"1,98","0,09","0,32","0,09"
2019,PI,Federal,1387,1369,1367,1367,"98,7","98,56","98,56","534,26","538,73","505,36","562,28","710,37","570,25","137,08","149,12","140,38","146,47","137,33",1369,1363,0,1,2,0,2,0,1,0,"99,56",0,"0,07","0,15",0,"0,15",0,"0,07",0
2019,PI,Municipal,118,96,93,92,"81,36","78,81","77,97","441,75","456,52","425,07","455,09","451,04","449,5","98,75","101,25","91,88","103,54","55,62",96,86,0,2,3,0,4,0,0,1,"89,58",0,"2,08","3,12",0,"4,17",0,0,"1,04"
2019,PI,Privada,3333,3279,3269,3268,"98,38","98,08","98,05","567,97","565,21","541,71","623,28","786,84","617,29","147,73","166,63","156,61","163,06","152,8",3279,3258,0,6,12,0,1,0,2,0,"99,36",0,"0,18","0,37",0,"0,03",0,"0,06",0
2019,PR,Estadual,41461,34695,32238,32215,"83,68","77,75","77,7","502,85","517,45","467,15","513,29","537,21","511,13","118,19","115,24","107,01","116,13","80,63",34695,33578,53,127,505,0,317,26,71,18,"96,78","0,15","0,37","1,46",0,"0,91","0,07","0,2","0,05"
2019,PR,Federal,1603,1536,1512,1511,"95,82","94,32","94,26","578,58","572,56","549,76",632,"676,65","602,68","138,19","141,8","135,29","139,23","122,15",1536,1528,1,0,5,0,1,0,1,0,"99,48","0,07",0,"0,33",0,"0,07",0,"0,07",0
2019,PR,Municipal,26,20,17,17,"76,92","65,38","65,38","471,32","506,9","457,08","489,57",454,"490,13",103,92,90,100,69,20,18,0,0,2,0,0,0,0,0,90,0,0,10,0,0,0,0,0
2019,PR,Privada,9698,8943,8737,8733,"92,21","90,09","90,05","573,25","569,74","550,91","630,99","680,6","602,27","138,88","141,85","135,72","141,41","122,73",8943,8885,2,13,30,0,6,2,5,0,"99,35","0,02","0,15","0,34",0,"0,07","0,02","0,06",0
2019,RJ,Estadual,50091,42792,40115,40055,"85,43","80,08","79,96","491,61","513,84","460,34","494,52","537,59","502,72","115,69","115,96","107,47","114,87","83,58",42792,40653,47,241,1111,0,504,28,163,45,95,"0,11","0,56","2,6",0,"1,18","0,07","0,38","0,11"
2019,RJ,Federal,4440,4292,4230,4228,"96,67","95,27","95,23","589,26","582,92","559,04","651,78","744,54","626,38","145,82","154,87","148,3","153,87","141,68",4292,4275,1,0,10,0,2,0,4,0,"99,6","0,02",0,"0,23",0,"0,05",0,"0,09",0
2019,RJ,Municipal,837,718,678,678,"85,78",81,81,"519,32","531,36","490,03","537,39","591,84","537,56","124,01","125,07","118,38","125,4","98,97",718,688,0,1,14,0,12,0,3,0,"95,82",0,"0,14","1,95",0,"1,67",0,"0,42",0
2019,RJ,Privada,17717,17120,16866,16848,"96,63","95,2","95,1","573,17","569,77","541,69","627,09","741,85",612,"144,25","156,47","146,86","154,29","139,98",17120,16999,4,15,62,0,23,2,13,2,"99,29","0,02","0,09","0,36",0,"0,13","0,01","0,08","0,01"
2019,RN,Estadual,14199,12514,12052,12034,"88,13","84,88","84,75","475,06","494,37","447,66","482,76","536,1","489,43","112,3","115,74","107,54","115,6","84,93",12514,11807,24,102,310,0,208,9,43,11,"94,35","0,19","0,82","2,48",0,"1,66","0,07","0,34","0,09"
2019,RN,Federal,3009,2946,2898,2898,"97,91","96,31","96,31","560,7","565,91","535,16","609,84","726,01","600,61","141,57","151,95","145,19","148,9","138,4",2946,2926,4,0,10,0,3,0,3,0,"99,32","0,14",0,"0,34",0,"0,1",0,"0,1",0
2019,RN,Municipal,2,1,1,1,50,50,50,"542,6","557,1","523,4","474,3",620,"543,48",120,140,120,140,100,1,1,0,0,0,0,0,0,0,0,100,0,0,0,0,0,0,0,0
2019,RN,Privada,3139,3065,3029,3027,"97,64","96,5","96,43","555,43","557,04","531,49","602,57","729,91","596,5","140,99","154,49","144,56","151,33","138,54",3065,3022,0,13,22,0,4,0,2,2,"98,6",0,"0,42","0,72",0,"0,13",0,"0,07","0,07"
2019,RO,Estadual,10374,8679,8159,8135,"83,66","78,65","78,42","475,75","494,01","448,17","487,32","528,05","489,96","111,17","114,2","105,37","114,76","82,55",8679,8201,8,97,188,0,141,11,27,6,"94,49","0,09","1,12","2,17",0,"1,62","0,13","0,31","0,07"
2019,RO,Federal,1045,1021,1004,1003,"97,7","96,08","95,98","532,81","542,77",508,"568,5","651,67","561,64","131,58","138,49","129,89","135,55","116,16",1021,1010,2,2,6,0,0,0,1,0,"98,92","0,2","0,2","0,59",0,0,0,"0,1",0
2019,RO,Municipal,8,6,5,5,75,"62,5","62,5","452,73","468,72","423,92","429,6","463,33","447,44","106,67",100,100,"93,33","63,33",6,6,0,0,0,0,0,0,0,0,100,0,0,0,0,0,0,0,0
2019,RO,Privada,642,616,611,611,"95,95","95,17","95,17","544,58","547,52","514,59","577,5","664,61","570,18","133,08","139,55","132,5","139,51","119,97",616,610,0,1,4,0,1,0,0,0,"99,03",0,"0,16","0,65",0,"0,16",0,0,0
2019,RR,Estadual,1720,1441,1311,1309,"83,78","76,22","76,1","476,75","494,36","446,9","481,8","484,32","481,89","109,44","106,3","98,31","108,06","62,21",1441,1323,2,23,43,0,38,4,6,2,"91,81","0,14","1,6","2,98",0,"2,64","0,28","0,42","0,14"
2019,RR,Federal,258,237,229,229,"91,86","88,76","88,76","527,96","530,76","505,21","548,23","600,34","545,25","125,06","123,97","120,08","128,02","103,21",237,229,0,0,6,0,1,1,0,0,"96,62",0,0,"2,53",0,"0,42","0,42",0,0
2019,RR,Municipal,1,0,0,0,0,0,0,,,,,,,,,,,,0,0,0,0,0,0,0,0,0,0,,,,,,,,,
2019,RR,Privada,223,215,213,213,"96,41","95,52","95,52","568,8","562,46","530,8","598,79","684,37","589,35","139,72","138,6","137,77","144,47","123,81",215,212,0,0,3,0,0,0,0,0,"98,6",0,0,"1,4",0,0,0,0,0
2019,RS,Estadual,36362,31922,30075,30061,"87,79","82,71","82,67","510,08","523,43","468,46","522,98","569,88","521,98","122,92","120,17","113,89","121,97","90,92",31922,30872,29,74,668,0,176,10,81,12,"96,71","0,09","0,23","2,09",0,"0,55","0,03","0,25","0,04"
2019,RS,Federal,2742,2636,2603,2601,"96,13","94,93","94,86","569,42","565,67","535,2",619,"689,9","596,59","139,45","143,95","137,79","142,19","126,53",2636,2623,1,1,7,0,4,0,0,0,"99,51","0,04","0,04","0,27",0,"0,15",0,0,0
2019,RS,Municipal,504,426,387,387,"84,52","76,79","76,79","502,75","517,79","465,34","512,05","527,56","509,1","114,6","111,55","105,4","112,96","83,05",426,400,0,3,14,0,5,1,1,2,"93,9",0,"0,7","3,29",0,"1,17","0,23","0,23","0,47"
2019,RS,Privada,6565,6157,6008,6006,"93,79","91,52","91,49","579,65","575,39","544,78","636,07","712,39","611,27","142,97","148,24","142,02","145,68","133,49",6157,6104,0,6,37,0,6,1,3,0,"99,14",0,"0,1","0,6",0,"0,1","0,02","0,05",0
2019,SC,Estadual,26387,22127,20614,20598,"83,86","78,12","78,06","504,06","517,98","466,35","516,79","551,41","514,48","120,28","117,34","110,31","118,21","85,27",22127,21425,18,56,394,0,165,8,53,8,"96,83","0,08","0,25","1,78",0,"0,75","0,04","0,24","0,04"
2019,SC,Federal,2656,2541,2485,2482,"95,67","93,56","93,45","573,32","565,55","543,48","621,98","667,86","595,65","136,77","137,91","133,81","136,58","122,79",2541,2512,0,3,20,0,1,0,4,1,"98,86",0,"0,12","0,79",0,"0,04",0,"0,16","0,04"
2019,SC,Municipal,186,155,151,151,"83,33","81,18","81,18","544,22","548,35","513,85","569,78","590,32","554,65","128,52","122,58","116,77","123,35","99,1",155,155,0,0,0,0,0,0,0,0,100,0,0,0,0,0,0,0,0
2019,SC,Privada,5417,5118,5008,5000,"94,48","92,45","92,3","576,8","572,2","551,08","640,63","705,36","610,48","141,36","148,1","140,35","145,82","129,72",5118,5089,1,1,21,0,2,1,1,2,"99,43","0,02","0,02","0,41",0,"0,04","0,02","0,02","0,04"
2019,SE,Estadual,10592,9286,8951,8940,"87,67","84,51","84,4","472,62","490,97","445,37","481,35",562,"492,89","114,08","120,09","110,99","121,4","95,43",9286,8775,6,118,214,0,119,11,34,8,"94,5","0,06","1,27","2,3",0,"1,28","0,12","0,37","0,09"
2019,SE,Federal,409,394,392,392,"96,33","95,84","95,84","539,17","542,13","508,78","567,53","684,26","568,33","135,23","146,45","137,01","141,17","124,42",394,392,0,2,0,0,0,0,0,0,"99,49",0,"0,51",0,0,0,0,0,0
2019,SE,Municipal,2,1,1,1,50,50,50,"404,8","361,1","383,5","404,2",0,"310,72",0,0,0,0,0,1,0,0,0,1,0,0,0,0,0,0,0,0,100,0,0,0,0,0
2019,SE,Privada,2491,2433,2408,2407,"97,67","96,67","96,63","557,09","556,4","530,21","600,56","752,86","600,63","142,91","158,99","148,61","156,53","145,81",2433,2406,1,10,9,0,5,0,1,1,"98,89","0,04","0,41","0,37",0,"0,21",0,"0,04","0,04"
2019,SP,Estadual,170400,141314,131549,131332,"82,93","77,2","77,07","504,99","524,13","469,1","517,98","545,75","515,41","118,39","117,74","108,99","117,13","83,5",141314,136765,160,565,2323,0,1029,76,309,87,"96,78","0,11","0,4","1,64",0,"0,73","0,05","0,22","0,06"
2019,SP,Federal,2086,2014,1984,1982,"96,55","95,11","95,01","574,91","572,63","546,83","638,23","697,22","606,52","139,12","145,89","137,6","142,56","132,06",2014,2005,0,1,5,0,1,0,1,1,"99,55",0,"0,05","0,25",0,"0,05",0,"0,05","0,05"
2019,SP,Municipal,4574,3966,3770,3760,"86,71","82,42","82,2","523,39",538,"489,32","545,72","583,66","538,27","123,33","124,25","116,27","122,88","96,93",3966,3877,5,10,44,0,22,2,3,3,"97,76","0,13","0,25","1,11",0,"0,55","0,05","0,08","0,08"
2019,SP,Privada,42364,40755,39998,39965,"96,2","94,42","94,34","574,82","572,7","549,68","637,9","703,74","608,66","140,07","147,13","139,64","144,94","131,96",40755,40595,11,27,67,0,28,1,18,8,"99,61","0,03","0,07","0,16",0,"0,07",0,"0,04","0,02"
2019,TO,Estadual,7743,6781,6474,6464,"87,58","83,61","83,48","465,78","487,02","441,51","478,71","533,32","483,42","113,54","115,45","107,83","117,54","78,95",6781,6506,5,60,98,0,78,6,19,9,"95,94","0,07","0,88","1,45",0,"1,15","0,09","0,28","0,13"
2019,TO,Federal,734,712,704,704,97,"95,91","95,91","537,95","544,36","510,69","563,35","662,39",564,"131,57","140,93","132,5","138,01","119,38",712,708,0,0,1,0,1,0,2,0,"99,44",0,0,"0,14",0,"0,14",0,"0,28",0
2019,TO,Municipal,5,4,4,4,80,80,80,"403,92","433,2","390,38","405,4",420,"410,58",95,90,85,100,50,4,4,0,0,0,0,0,0,0,0,100,0,0,0,0,0,0,0,0
2019,TO,Privada,605,571,563,563,"94,38","93,06","93,06","560,2","559,2","544,49","618,36","733,87","604,12","141,58","156,81","146,87","154,57","134,05",571,563,0,4,1,0,3,0,0,0,"98,6",0,"0,7","0,18",0,"0,53",0,0,0
2020,AC,Estadual,2789,1873,1751,1751,"67,16","62,78","62,78","473,35","495,07","457,23","468,65","520,42","485,98","109,65","111,81","99,28","114,67",85,1873,1809,2,14,21,0,16,1,6,4,"96,58","0,11","0,75","1,12",0,"0,85","0,05","0,32","0,21"
2020,AC,Federal,343,299,290,289,"87,17","84,55","84,26","507,81","521,6","490,8","514,17","590,03","527,34","120,07","126,02","112,11","127,49","104,35",299,294,0,0,3,0,1,0,1,0,"98,33",0,0,1,0,"0,33",0,"0,33",0
2020,AC,Municipal,9,5,5,5,"55,56","55,56","55,56","484,96","432,6","501,14","472,28",428,"463,8",104,88,72,104,60,5,5,0,0,0,0,0,0,0,0,100,0,0,0,0,0,0,0,0
2020,AC,Privada,371,334,332,332,"90,03","89,49","89,49","562,03","566,74","539,7","569,78","768,02","601,63","142,51","163,77","146,77","159,1","155,87",334,331,0,1,0,0,1,0,1,0,"99,1",0,"0,3",0,0,"0,3",0,"0,3",0
2020,AL,Estadual,9089,4892,4649,4632,"53,82","51,15","50,96","463,06","484,74","449,05","463,02","520,51","478,99","108,39","112,9","100,02","113,39","85,81",4892,4609,4,48,141,0,54,5,20,11,"94,22","0,08","0,98","2,88",0,"1,1","0,1","0,41","0,22"
2020,AL,Federal,1484,1285,1251,1249,"86,59","84,3","84,16","544,05","551,15","519,67","576,65","676,96","575,04","134,27","143,7","129,62","141,88","127,49",1285,1275,0,3,5,0,0,0,1,1,"99,22",0,"0,23","0,39",0,0,0,"0,08","0,08"
2020,AL,Municipal,15,1,1,1,"6,67","6,67","6,67","366,6","415,4","373,3","397,1",540,"418,48",100,120,80,140,100,1,1,0,0,0,0,0,0,0,0,100,0,0,0,0,0,0,0,0
2020,AL,Privada,3388,2995,2935,2931,"88,4","86,63","86,51","527,94","540,88","507,79","550,41","672,6","561,34","132,64","144,11","128,69","140,73","126,42",2995,2959,2,7,19,0,4,0,3,1,"98,8","0,07","0,23","0,63",0,"0,13",0,"0,1","0,03"
2020,AM,Estadual,26856,9000,8729,8673,"33,51","32,5","32,29","475,66","482,29","452,15","471,67","502,98","478,86","107,58","109,04","98,74","111,9","75,71",9000,8368,13,111,179,0,254,9,42,24,"92,98","0,14","1,23","1,99",0,"2,82","0,1","0,47","0,27"
2020,AM,Federal,1199,855,842,838,"71,31","70,23","69,89","530,39","530,21","497,28","526,27","606,57","539,85","125,17","132,84","117,94","129,29","101,33",855,833,0,0,5,0,14,0,3,0,"97,43",0,0,"0,58",0,"1,64",0,"0,35",0
2020,AM,Municipal,186,54,52,52,"29,03","27,96","27,96","458,01","473,49","445,87","462,27","426,3","455,12","92,22","94,07","81,48","98,15","60,37",54,46,1,1,1,0,4,0,1,0,"85,19","1,85","1,85","1,85",0,"7,41",0,"1,85",0
2020,AM,Privada,1879,1384,1368,1364,"73,66","72,8","72,59","575,56","560,51","534,07","585,78","689,84","589,9","136,6","149,67","132,95","144,84","125,78",1384,1363,0,0,5,0,14,0,2,0,"98,48",0,0,"0,36",0,"1,01",0,"0,14",0
2020,AP,Estadual,2606,1493,1393,1387,"57,29","53,45","53,22","458,29","477,94","448,33","453,38","497,44","470,03","105,57","107,39","96,06","109,34","79,08",1493,1384,1,22,47,0,25,0,10,4,"92,7","0,07","1,47","3,15",0,"1,67",0,"0,67","0,27"
2020,AP,Federal,370,315,311,311,"85,14","84,05","84,05","508,11","523,55","489,05","505,98","607,17","527,33","123,94","134,22","118,03","127,37","103,62",315,308,1,0,2,0,0,0,3,1,"97,78","0,32",0,"0,63",0,0,0,"0,95","0,32"
2020,AP,Municipal,2,0,0,0,0,0,0,,,,,,,,,,,,0,0,0,0,0,0,0,0,0,0,,,,,,,,,
2020,AP,Privada,587,483,473,471,"82,28","80,58","80,24","539,38","545,03","511,25","535,76","677,1","563,13","133,75","144,22","131,3","143,44","124,39",483,474,1,1,5,0,0,0,2,0,"98,14","0,21","0,21","1,04",0,0,0,"0,41",0
2020,BA,Estadual,32581,20478,19601,19556,"62,85","60,16","60,02","474,6","495,55","458,92","473,07","520,28","486,62","108,02","113,34","100,41","112,57","85,94",20478,19661,24,124,297,0,267,20,52,33,"96,01","0,12","0,61","1,45",0,"1,3","0,1","0,25","0,16"
2020,BA,Federal,3261,2642,2582,2578,"81,02","79,18","79,06","558,93","564,41","532,77","578,72","683,58","585,02","134,54","145,68","132,41","141,95","129,01",2642,2621,1,0,13,0,2,1,2,2,"99,21","0,04",0,"0,49",0,"0,08","0,04","0,08","0,08"
2020,BA,Municipal,387,178,167,167,"45,99","43,15","43,15","464,86","478,21","455,53","470,44",500,"478,51","103,93","110,45","95,39","109,21","81,01",178,169,1,0,2,0,4,0,1,1,"94,94","0,56",0,"1,12",0,"2,25",0,"0,56","0,56"
2020,BA,Privada,11006,9677,9560,9554,"87,92","86,86","86,81","563,4","564,13","539,31","587,93","723,72","596,54","138,9","154,31","138,68","151,02","140,81",9677,9622,0,10,34,0,3,0,8,0,"99,43",0,"0,1","0,35",0,"0,03",0,"0,08",0
2020,Brasil,Estadual,630939,341028,320410,319489,"54,05","50,78","50,64","488,49","507,97","469,1","495,33","535,28","502,31","112,83","115,19","102,91","115,77","88,58",341028,326320,419,2471,6343,0,3644,338,1007,486,"95,69","0,12","0,72","1,86",0,"1,07","0,1","0,3","0,14"
2020,Brasil,Federal,46594,38757,37932,37884,"83,18","81,41","81,31","568,03","567,32","539,96","599,35","686,77","593,64","135,68","145,83","131,99","142,91","130,37",38757,38375,20,22,222,0,56,5,43,14,"99,01","0,05","0,06","0,57",0,"0,14","0,01","0,11","0,04"
2020,Brasil,Municipal,8331,4443,4182,4171,"53,33","50,2","50,07","509,11","525,12","486,71","522,99","550,2","521,81","116,15","117,92","105,44","118,26","92,43",4443,4278,3,30,55,0,53,6,11,7,"96,29","0,07","0,68","1,24",0,"1,19","0,14","0,25","0,16"
2020,Brasil,Privada,218705,180385,176549,176365,"82,48","80,72","80,64","574,03","571,15","547,99","610,09","714,41","604,85","139,6","151,08","137,23","149,31","137,19",180385,179164,68,229,579,0,161,15,124,45,"99,32","0,04","0,13","0,32",0,"0,09","0,01","0,07","0,02"
2020,CE,Estadual,96282,49027,44939,44734,"50,92","46,67","46,46","466,78","484,86","454,27","476,71","512,82","484,33","106,31","109,37","98,08","111,64","87,41",49027,45432,80,674,1490,0,961,77,217,96,"92,67","0,16","1,37","3,04",0,"1,96","0,16","0,44","0,2"
2020,CE,Federal,1036,856,830,830,"82,63","80,12","80,12","548,45","555,98","524,05","581,55","661,85","576,52","131,57","140,3","126,64","137,24","126,1",856,840,1,0,10,0,1,0,3,1,"98,13","0,12",0,"1,17",0,"0,12",0,"0,35","0,12"
2020,CE,Municipal,98,29,27,27,"29,59","27,55","27,55","449,25","471,29","439,09","434,91","467,59","454,94","107,59","97,24","90,34","106,21","66,21",29,28,0,0,0,0,0,0,1,0,"96,55",0,0,0,0,0,0,"3,45",0
2020,CE,Privada,7565,6712,6614,6608,"88,72","87,43","87,35","576,54","568,32","554,7","623,99","758,67","617,59","144,6","159,06","144,54","158,89","151,58",6712,6676,2,8,15,0,7,0,3,1,"99,46","0,03","0,12","0,22",0,"0,1",0,"0,04","0,01"
2020,DF,Estadual,12195,8404,8084,8065,"68,91","66,29","66,13","502,77","528,64","478,38","502,34",555,"515,37","118,03","119,42","106,64","118,74","92,18",8404,8219,7,17,101,0,30,3,21,6,"97,8","0,08","0,2","1,2",0,"0,36","0,04","0,25","0,07"
2020,DF,Federal,807,670,664,664,"83,02","82,28","82,28","564,4","570,25","543,19","590,56","638,66","581,92","131,73","136,75","123,67","133,88","112,63",670,663,0,1,4,0,1,0,1,0,"98,96",0,"0,15","0,6",0,"0,15",0,"0,15",0
2020,DF,Privada,6838,5680,5557,5553,"83,07","81,27","81,21","581,67","578,26","555,94","615,39","694,99","606,77","138,3","147,49","133,67","144,99","130,53",5680,5639,1,6,23,0,7,1,3,0,"99,28","0,02","0,11","0,4",0,"0,12","0,02","0,05",0
2020,ES,Estadual,13031,8235,7651,7631,"63,2","58,71","58,56","494,51","510,63","474,41","503,12","532,97","506,24","113,21","113,07","101,34","115,09","90,26",8235,7907,7,37,182,0,66,2,26,8,"96,02","0,09","0,45","2,21",0,"0,8","0,02","0,32","0,1"
2020,ES,Federal,2060,1768,1745,1741,"85,83","84,71","84,51","604,13","585,81","578,83","660,67","753,85","637,85","144,69","159,54","144,54","155,4","149,68",1768,1759,1,0,7,0,1,0,0,0,"99,49","0,06",0,"0,4",0,"0,06",0,0,0
2020,ES,Municipal,34,15,13,13,"44,12","38,24","38,24","466,08","476,55","447,32","453,41","414,67","444,68","93,33",88,"81,33",96,56,15,14,0,0,0,0,0,1,0,0,"93,33",0,0,0,0,0,"6,67",0,0
2020,ES,Privada,3294,2780,2734,2729,"84,4",83,"82,85","585,02","574,44","561,92","627,19","759,11","622,35","143,46","159,99","145,4","157,46","152,81",2780,2753,1,7,13,0,3,0,2,1,"99,03","0,04","0,25","0,47",0,"0,11",0,"0,07","0,04"
2020,GO,Estadual,30387,13065,12192,12165,43,"40,12","40,03","486,57","508,45","470,73","494,47","542,13","504,1","113,06","117,98","104,57","117,12","89,4",13065,12624,15,66,196,0,109,14,29,12,"96,62","0,11","0,51","1,5",0,"0,83","0,11","0,22","0,09"
2020,GO,Federal,1440,1191,1156,1156,"82,71","80,28","80,28","562,94","563,23","533,9","580,56","680,05","586,43","133,48","145,68","130,38","141,02","129,49",1191,1179,1,0,10,0,1,0,0,0,"98,99","0,08",0,"0,84",0,"0,08",0,0,0
2020,GO,Municipal,160,85,80,78,"53,12",50,"48,75","501,2","528,13","489,64","515,57","577,88","528,65","118,59","122,82","106,12","124,24","106,12",85,82,0,1,0,0,1,0,1,0,"96,47",0,"1,18",0,0,"1,18",0,"1,18",0
2020,GO,Privada,7782,6621,6509,6504,"85,08","83,64","83,58","573,2","568,53","551,4","605,49","739,3","608,62","140,76","156,9","142,28","154,62","144,74",6621,6580,1,7,16,0,8,1,7,1,"99,38","0,02","0,11","0,24",0,"0,12","0,02","0,11","0,02"
2020,MA,Estadual,20459,12066,11435,11394,"58,98","55,89","55,69","459,37","478,5","446,85","455,47","506,19","471,69","107,78","109,33","97,74","111,5","79,85",12066,11387,13,147,207,0,240,11,42,19,"94,37","0,11","1,22","1,72",0,"1,99","0,09","0,35","0,16"
2020,MA,Federal,2514,2117,2058,2055,"84,21","81,86","81,74","525,94","535,86","502,99","535,38","633,87","548,53","128,42","134,99","121,46","134,05","114,95",2117,2091,0,3,12,0,8,0,3,0,"98,77",0,"0,14","0,57",0,"0,38",0,"0,14",0
2020,MA,Municipal,99,40,38,38,"40,4","38,38","38,38","470,2","453,87","434,04","445,35",462,"456,59",98,101,"89,5","105,5",68,40,37,0,1,1,0,1,0,0,0,"92,5",0,"2,5","2,5",0,"2,5",0,0,0
2020,MA,Privada,3032,2717,2674,2672,"89,61","88,19","88,13",550,"551,25","525,89","570,25","724,78","585,91","139,81","153,68","139,81","153,06","138,42",2717,2685,2,11,13,0,2,0,4,0,"98,82","0,07","0,4","0,48",0,"0,07",0,"0,15",0
2020,MG,Estadual,46600,27000,25708,25671,"57,94","55,17","55,09","509,87","526,7","485,91","522,17","566,73","524,7","118,78","121,2","108,21","121,49","97,05",27000,26259,31,142,320,0,148,17,47,36,"97,26","0,11","0,53","1,19",0,"0,55","0,06","0,17","0,13"
2020,MG,Federal,5441,4787,4734,4732,"87,98","87,01","86,97","598,95","587,5","569,4","649,98","750,94","632,23","143,61","159,58","143,44","154,66","149,65",4787,4764,0,1,12,0,3,1,5,1,"99,52",0,"0,02","0,25",0,"0,06","0,02","0,1","0,02"
2020,MG,Municipal,823,497,477,476,"60,39","57,96","57,84","533,46","551,19","509,36","551,94","599,32","551,34","123,26","128,21","114,69","126,88","106,28",497,485,0,1,5,0,1,3,1,1,"97,59",0,"0,2","1,01",0,"0,2","0,6","0,2","0,2"
2020,MG,Privada,18750,16291,16080,16074,"86,89","85,76","85,73","600,52","586,54","570,34","651,75","780,9","638,99","147,38","164,93","149,26","162,27","157,06",16291,16224,8,12,33,0,7,0,3,4,"99,59","0,05","0,07","0,2",0,"0,04",0,"0,02","0,02"
2020,MS,Estadual,8206,4496,4170,4152,"54,79","50,82","50,6","487,12","509,16","469,85","493,05","521,38","499,39","112,04","112,99","100,3","113,66","82,38",4496,4329,6,34,71,0,36,4,12,4,"96,29","0,13","0,76","1,58",0,"0,8","0,09","0,27","0,09"
2020,MS,Federal,1070,785,756,753,"73,36","70,65","70,37","558,62","567,54","537,2","591,63","648,59","582,81","132,03","136,69","123,9","136,31","119,67",785,774,0,0,6,0,5,0,0,0,"98,6",0,0,"0,76",0,"0,64",0,0,0
2020,MS,Municipal,29,10,10,9,"34,48","34,48","31,03","441,85","432,34","400,42","438,1",332,"406,29",90,68,60,90,24,10,9,0,1,0,0,0,0,0,0,90,0,10,0,0,0,0,0,0
2020,MS,Privada,2546,2073,2032,2027,"81,42","79,81","79,62","568,87","566,61","551,28","605,49","721,26","604,33","141,14","151,23","139,21","151,47","138,22",2073,2055,2,2,10,0,3,0,1,0,"99,13","0,1","0,1","0,48",0,"0,14",0,"0,05",0
2020,MT,Estadual,9974,5294,4940,4908,"53,08","49,53","49,21","481,14","501,26","462,67","480,28","514,91","491,43","108,27","111,78","98,55","111,74","84,58",5294,5026,8,31,134,0,61,6,22,6,"94,94","0,15","0,59","2,53",0,"1,15","0,11","0,42","0,11"
2020,MT,Federal,1803,1485,1444,1442,"82,36","80,09","79,98","543,19","550,95","519,38","567,88","642,34","566,24","127,72","137,37","123,03","134,71","119,52",1485,1463,1,2,16,0,1,0,2,0,"98,52","0,07","0,13","1,08",0,"0,07",0,"0,13",0
2020,MT,Municipal,62,27,21,21,"43,55","33,87","33,87","460,56","485,32","449,99","442,46",420,"454,67","90,37","92,59","82,96","93,33","60,74",27,23,0,0,4,0,0,0,0,0,"85,19",0,0,"14,81",0,0,0,0,0
2020,MT,Privada,2835,2381,2341,2338,"83,99","82,57","82,47","555,58","556,88","533,84","585,16","715,41","590,89","137,52","152,31","137,13","149,82","138,62",2381,2354,0,4,14,0,2,1,3,3,"98,87",0,"0,17","0,59",0,"0,08","0,04","0,13","0,13"
2020,PA,Estadual,23316,14349,13545,13503,"61,54","58,09","57,91","463,12","482,21","449,39","458,29","516,25","476,83","107,14","112,27","100,07","112,41","84,37",14349,13555,22,152,332,0,173,20,66,29,"94,47","0,15","1,06","2,31",0,"1,21","0,14","0,46","0,2"
2020,PA,Federal,1495,1248,1212,1211,"83,48","81,07",81,"536,8","544,04","513,23","545,33","648,17","559,08","128,09","137,68","124,98","136,38","121,04",1248,1230,0,1,12,0,1,0,2,2,"98,56",0,"0,08","0,96",0,"0,08",0,"0,16","0,16"
2020,PA,Municipal,1469,705,662,662,"47,99","45,06","45,06","444,27","462,25","438,03","442,84","461,79","451,38","98,16","99,72","89,33","104,34","70,24",705,656,1,16,12,0,16,0,2,2,"93,05","0,14","2,27","1,7",0,"2,27",0,"0,28","0,28"
2020,PA,Privada,6829,5965,5837,5833,"87,35","85,47","85,42","548,8","551,25","527,18","559,18","729,97","585,16","137,81","155,28","140,62","153,26",143,5965,5899,0,16,30,0,7,0,9,4,"98,89",0,"0,27","0,5",0,"0,12",0,"0,15","0,07"
2020,PB,Estadual,13216,7980,7679,7663,"60,38","58,1","57,98","473,47","491,07","456,11","470,8","545,33","489,74","112,37","115,9","103,34","118,45","95,26",7980,7673,6,56,140,0,57,8,28,12,"96,15","0,08","0,7","1,75",0,"0,71","0,1","0,35","0,15"
2020,PB,Federal,1654,1468,1446,1446,"88,75","87,42","87,42","544,55","549,77","515,11","564,92","695,22","574,69","134,26","148,07","133,57","143,76","135,56",1468,1451,1,1,13,0,1,0,0,1,"98,84","0,07","0,07","0,89",0,"0,07",0,0,"0,07"
2020,PB,Municipal,49,25,21,21,"51,02","42,86","42,86","434,96","469,48","443,46","452,7","460,8","455,48","105,6",92,"80,8","110,4",72,25,24,0,0,0,0,1,0,0,0,96,0,0,0,0,4,0,0,0
2020,PB,Privada,4841,4550,4498,4496,"93,99","92,91","92,87","559,5",559,"534,62","590,68","740,47","597,65","140,13","156,98","141,82","155,36","146,18",4550,4519,3,6,12,0,3,1,5,1,"99,32","0,07","0,13","0,26",0,"0,07","0,02","0,11","0,02"
2020,PE,Estadual,37692,20043,19041,18992,"53,18","50,52","50,39","479,46","503,15","466,69","491,93","542,53","500,03","111,82","117,82","104,59","116,68","91,62",20043,19056,22,181,460,0,213,14,74,23,"95,08","0,11","0,9","2,3",0,"1,06","0,07","0,37","0,11"
2020,PE,Federal,1444,1211,1189,1186,"83,86","82,34","82,13","570,47","571,33","546,61","609,57","687,78","599,11","135,19","147,09","132,78","141,93","130,78",1211,1189,0,1,17,0,2,0,2,0,"98,18",0,"0,08","1,4",0,"0,17",0,"0,17",0
2020,PE,Municipal,90,10,10,10,"11,11","11,11","11,11","456,12","453,87","444,68","405,66",398,"431,67",88,84,76,92,58,10,9,0,0,0,0,1,0,0,0,90,0,0,0,0,10,0,0,0
2020,PE,Privada,8357,7531,7415,7411,"90,12","88,73","88,68","560,4","564,77","535,75","596,81","708,02","594,36","137,8","150,91","137,16","147,69","134,45",7531,7460,4,15,32,0,6,0,10,4,"99,06","0,05","0,2","0,42",0,"0,08",0,"0,13","0,05"
2020,PI,Estadual,10638,6604,6360,6348,"62,08","59,79","59,67","461,62","479,25","448,87","462,89","517,93","476,21","107,36","112,2","99,49","113,73","85,14",6604,6273,4,102,106,0,82,9,18,10,"94,99","0,06","1,54","1,61",0,"1,24","0,14","0,27","0,15"
2020,PI,Federal,1208,1093,1076,1076,"90,48","89,07","89,07","531,06","538,28","504,06",554,"670,1","559,85","131,03","142,93","127,45","141,32","127,37",1093,1081,0,3,7,0,2,0,0,0,"98,9",0,"0,27","0,64",0,"0,18",0,0,0
2020,PI,Municipal,134,65,63,63,"48,51","47,01","47,01","443,34","458,04","435,42","432,83","416,31","439,62","88,92","91,08","78,46","91,38","66,46",65,57,0,1,1,0,4,1,1,0,"87,69",0,"1,54","1,54",0,"6,15","1,54","1,54",0
2020,PI,Privada,3758,3445,3418,3417,"91,67","90,95","90,93","565,22","562,7","542,94","598,5","772,35","608,67","144,64","165,28","150,02","161,27","151,13",3445,3426,2,9,7,0,1,0,0,0,"99,45","0,06","0,26","0,2",0,"0,03",0,0,0
2020,PR,Estadual,26893,15156,14302,14273,"56,36","53,18","53,07","510,59","524,51","483,28","520,65","535,84","517,23","116,6","115,06","103,1","116,2","84,88",15156,14789,22,58,151,0,89,13,18,16,"97,58","0,15","0,38",1,0,"0,59","0,09","0,12","0,11"
2020,PR,Federal,1709,1413,1376,1376,"82,68","80,51","80,51","587,75","578,39","554,96","616,73","662,65","600,96","134,72","141,46","128,7","137,91","119,86",1413,1405,0,0,4,0,1,1,1,1,"99,43",0,0,"0,28",0,"0,07","0,07","0,07","0,07"
2020,PR,Municipal,70,26,23,23,"37,14","32,86","32,86","457,42","489,01","465,12","479,69","391,54","468,84","93,85","82,31","73,08","93,08","49,23",26,23,0,0,1,0,2,0,0,0,"88,46",0,0,"3,85",0,"7,69",0,0,0
2020,PR,Privada,14388,11421,11193,11172,"79,38","77,79","77,65","580,18","574,12","554,61","616,79","673,36","600,82","136,75","142,09","129,97","140,64","123,9",11421,11370,8,13,20,0,6,1,1,2,"99,55","0,07","0,11","0,18",0,"0,05","0,01","0,01","0,02"
2020,RJ,Estadual,33749,18528,17203,17154,"54,9","50,97","50,83","494,3","519,8","470,24","494,52","538,08","506,57","114,56","116,92","103,89","115,2","87,51",18528,17740,15,79,421,0,168,22,58,25,"95,75","0,08","0,43","2,27",0,"0,91","0,12","0,31","0,13"
2020,RJ,Federal,4220,3397,3338,3331,"80,5","79,1","78,93","599,3","591,31","565,38","641,89","727,22","625,98","142,42","153,26","140,51","150,22","140,81",3397,3377,1,0,14,0,1,1,1,2,"99,41","0,03",0,"0,41",0,"0,03","0,03","0,03","0,06"
2020,RJ,Municipal,709,314,288,287,"44,29","40,62","40,48","513,79","531,36","490,52","527,56","566,82","532,2","118,41","121,34","108,66","119,43","98,98",314,303,0,2,4,0,4,0,0,1,"96,5",0,"0,64","1,27",0,"1,27",0,0,"0,32"
2020,RJ,Privada,23905,20183,19745,19731,"84,43","82,6","82,54","573,24","572,59","541,58","605,3","716,69","603,53","140,19","151,95","137,72","150,1","136,72",20183,20028,13,18,80,0,18,3,17,6,"99,23","0,06","0,09","0,4",0,"0,09","0,01","0,08","0,03"
2020,RN,Estadual,7800,4988,4757,4751,"63,95","60,99","60,91","474,8","497,85","459,78","476,79","526,23","489,23","109,19","113,23","100,79","114,16","88,87",4988,4742,20,42,104,0,53,1,17,9,"95,07","0,4","0,84","2,09",0,"1,06","0,02","0,34","0,18"
2020,RN,Federal,2737,2451,2415,2411,"89,55","88,24","88,09","574,13","573,74","541,94","609,12","724,91","605,72","140,47","153,74","140,11","150,47","140,12",2451,2430,8,2,6,0,0,0,4,1,"99,14","0,33","0,08","0,24",0,0,0,"0,16","0,04"
2020,RN,Municipal,16,7,7,7,"43,75","43,75","43,75","471,84","501,47","464,14","484,63","505,71","485,56","114,29","97,14","85,71","111,43","97,14",7,7,0,0,0,0,0,0,0,0,100,0,0,0,0,0,0,0,0
2020,RN,Privada,3774,3475,3433,3430,"92,08","90,96","90,89","558,45","560,87","536,26","587,81","723,84","594,52","137,93","154,35","138,03","152,01","141,53",3475,3441,0,8,20,0,5,0,1,0,"99,02",0,"0,23","0,58",0,"0,14",0,"0,03",0
2020,RO,Estadual,8336,3352,3123,3104,"40,21","37,46","37,24","478,71","496,96","466,51","483,22","531,93",495,"109,96","114,72","102,05","115,39","89,81",3352,3199,5,28,53,0,45,5,8,9,"95,44","0,15","0,84","1,58",0,"1,34","0,15","0,24","0,27"
2020,RO,Federal,952,688,663,661,"72,27","69,64","69,43","540,42","549,46","516,98","558,73","653,11","566,25","130,23","140,35","124,83","136,19","121,51",688,676,0,2,7,0,1,0,2,0,"98,26",0,"0,29","1,02",0,"0,15",0,"0,29",0
2020,RO,Municipal,28,9,7,7,"32,14",25,25,"454,66","441,52","461,43","459,41","377,78","453,44","91,11",80,"68,89","91,11","46,67",9,9,0,0,0,0,0,0,0,0,100,0,0,0,0,0,0,0,0
2020,RO,Privada,611,446,438,436,73,"71,69","71,36","565,65","565,63","546,49","600,4","704,98","598,3","138,12","148,83","135,2","147,4","135,43",446,442,0,0,2,0,2,0,0,0,"99,1",0,0,"0,45",0,"0,45",0,0,0
2020,RR,Estadual,1893,970,880,870,"51,24","46,49","45,96","475,83","498,43","461,78","477,55","493,63","486,78","107,55","106,56","95,42","109,71","74,39",970,910,0,15,28,0,10,1,5,1,"93,81",0,"1,55","2,89",0,"1,03","0,1","0,52","0,1"
2020,RR,Federal,298,224,209,208,"75,17","70,13","69,8","520,51","528,86","492,86","518,55","569,46","530,99","119,73","120,36","107,95","120,8","100,62",224,216,0,0,5,0,1,0,2,0,"96,43",0,0,"2,23",0,"0,45",0,"0,89",0
2020,RR,Municipal,2,0,0,0,0,0,0,,,,,,,,,,,,0,0,0,0,0,0,0,0,0,0,,,,,,,,,
2020,RR,Privada,260,210,206,206,"80,77","79,23","79,23","558,44","559,01","535,62","579,01","675,62","581,67","134,76",144,"128,95","140,29","127,62",210,209,0,0,1,0,0,0,0,0,"99,52",0,0,"0,48",0,0,0,0,0
2020,RS,Estadual,24315,14957,14150,14118,"61,51","58,19","58,06","515,77","532,71","483,4","523,62","566,07","526,94","122,41","119,32","108,83","121,92","93,59",14957,14596,15,20,220,0,61,13,26,6,"97,59","0,1","0,13","1,47",0,"0,41","0,09","0,17","0,04"
2020,RS,Federal,2334,1793,1751,1750,"76,82","75,02","74,98","579,78","577,8","545,16","614,81","678,11","600,31","137,59","141,71","130,12",142,"126,7",1793,1784,1,1,2,0,3,1,1,0,"99,5","0,06","0,06","0,11",0,"0,17","0,06","0,06",0
2020,RS,Municipal,354,199,187,186,"56,21","52,82","52,54","493,44","518,24","469,96","491,79","541,81","505,2","113,97","117,49","104,92","116,88","88,54",199,192,0,1,3,0,1,0,1,1,"96,48",0,"0,5","1,51",0,"0,5",0,"0,5","0,5"
2020,RS,Privada,9475,7197,7012,6995,"75,96","74,01","73,83","580,64","580,23","547,85","615,91","706,44","608,4","140,84","147,41","135,45","146,89","135,86",7197,7118,3,10,44,0,9,1,10,2,"98,9","0,04","0,14","0,61",0,"0,13","0,01","0,14","0,03"
2020,SC,Estadual,17186,8838,8244,8228,"51,43","47,97","47,88","514,15","525,38","484,05","520,87","545,13","520,55","119,26","115,76","104,23","117,7","88,17",8838,8627,12,25,118,0,34,2,12,8,"97,61","0,14","0,28","1,34",0,"0,38","0,02","0,14","0,09"
2020,SC,Federal,2654,2085,2027,2025,"78,56","76,38","76,3","577,38","573,86","551,72","619,53","651,86","596,15","133,28","137,06","125,03","135,59","120,91",2085,2063,2,0,14,0,2,0,3,1,"98,94","0,1",0,"0,67",0,"0,1",0,"0,14","0,05"
2020,SC,Municipal,164,73,69,69,"44,51","42,07","42,07","558,87","540,86","523,59","559,63","601,1","558,49","127,95","129,32","115,89","127,4","100,55",73,73,0,0,0,0,0,0,0,0,100,0,0,0,0,0,0,0,0
2020,SC,Privada,7369,5437,5265,5260,"73,78","71,45","71,38","582,83","576,38","558,28","624,14","694,51","609,16","138,7","146,8","133,28","145,54","130,18",5437,5385,2,5,31,0,9,1,3,1,"99,04","0,04","0,09","0,57",0,"0,17","0,02","0,06","0,02"
2020,SE,Estadual,7549,3903,3726,3724,"51,7","49,36","49,33","469,62","486,68","460,17","467,56","536,29","486,69","109,17","115,25","102,08","115,87","93,92",3903,3668,2,48,97,0,64,5,17,2,"93,98","0,05","1,23","2,49",0,"1,64","0,13","0,44","0,05"
2020,SE,Federal,336,305,299,299,"90,77","88,99","88,99","558,26","559,28","532,4","576,28","689,84","584,43","133,11","147,21","131,21","145,31","132,98",305,298,0,0,6,0,1,0,0,0,"97,7",0,0,"1,97",0,"0,33",0,0,0
2020,SE,Municipal,8,1,1,1,"12,5","12,5","12,5","409,2","483,6","474,6","544,8",380,"458,44",100,80,60,100,40,1,1,0,0,0,0,0,0,0,0,100,0,0,0,0,0,0,0,0
2020,SE,Privada,2985,2704,2660,2657,"90,59","89,11","89,01","561,46","558,89","537,34","584,95","754,96","600,73","141,38","160,2","144,99","158,32","150,07",2704,2684,0,5,8,0,3,0,3,1,"99,26",0,"0,18","0,3",0,"0,11",0,"0,11","0,04"
2020,SP,Estadual,100284,53009,49293,49184,"52,86","49,15","49,04","514,09","536,69","489,46","531,77","554,73","528,11","118,45","119,69","107,04","118,72","90,83",53009,51606,60,172,660,0,280,53,107,71,"97,35","0,11","0,32","1,25",0,"0,53","0,1","0,2","0,13"
2020,SP,Federal,2161,1838,1789,1787,"85,05","82,79","82,69","587,1","582,55","551,77","619,98","684,46","606,23","137,76","143,3","131,63","141,56","130,22",1838,1830,1,0,5,0,1,0,1,0,"99,56","0,05",0,"0,27",0,"0,05",0,"0,05",0
2020,SP,Municipal,3319,2064,1949,1944,"62,19","58,72","58,57","537,35","552,73","506,83","560,62","587,75","551,84","124,36","125,4","112,67","124,29","101,03",2064,2021,0,5,21,0,13,1,2,1,"97,92",0,"0,24","1,02",0,"0,63","0,05","0,1","0,05"
2020,SP,Privada,61419,46964,45501,45445,"76,46","74,08","73,99","577,31","575,22","551,86","619,36","683,29","602,69","137,16","143,72","131,3","142,79","128,32",46964,46743,13,46,90,0,31,5,23,13,"99,53","0,03","0,1","0,19",0,"0,07","0,01","0,05","0,03"
2020,TO,Estadual,7017,3028,2865,2858,"43,15","40,83","40,73","465,96","486,23","453,41","470,44","504,74","478,72","107,54","107,9","96,33","112,84","80,12",3028,2872,3,26,67,0,48,3,7,2,"94,85","0,1","0,86","2,21",0,"1,59","0,1","0,23","0,07"
2020,TO,Federal,564,488,479,479,"86,52","84,93","84,93","546,71","553,65","520,53","565,76","654,67","569,04","129,34","139,55","124,92","137,95","122,91",488,481,0,1,5,0,1,0,0,0,"98,57",0,"0,2","1,02",0,"0,2",0,0,0
2020,TO,Municipal,15,4,4,4,"26,67","26,67","26,67","427,45","420,62","401,38","426,42",385,"412,18",70,95,80,90,50,4,4,0,0,0,0,0,0,0,0,100,0,0,0,0,0,0,0,0
2020,TO,Privada,861,729,719,719,"84,67","83,51","83,51",579,"567,72","550,09","603,3","746,04","610,31","142,69","158,98","143,95","157,23","143,18",729,725,0,2,2,0,0,0,0,0,"99,45",0,"0,27","0,27",0,0,0,0,0
2021,AC,Estadual,2315,1749,1631,1625,"75,55","70,45","70,19","481,61","468,92","454,2","486,76","542,66","490,15","105,17","124,4","103,69","116,03","93,37",1749,1660,1,11,41,0,29,1,3,3,"94,91","0,06","0,63","2,34",0,"1,66","0,06","0,17","0,17"
2021,AC,Federal,322,288,276,275,"89,44","85,71","85,4","512,11","499,12",482,"524,27","645,56","534,16","120,28","148,4","118,54","132,78","125,56",288,284,0,0,1,0,2,0,1,0,"98,61",0,0,"0,35",0,"0,69",0,"0,35",0
2021,AC,Municipal,8,2,2,2,25,25,25,"453,25","480,85","478,75","473,5",460,"469,27",100,110,100,120,30,2,2,0,0,0,0,0,0,0,0,100,0,0,0,0,0,0,0,0
2021,AC,Privada,363,357,350,349,"98,35","96,42","96,14","555,11","541,18","526,45",574,"759,38","592,78","137,87","167,79","137,48","158,32","157,93",357,351,0,0,5,0,1,0,0,0,"98,32",0,0,"1,4",0,"0,28",0,0,0
2021,AL,Estadual,5673,4344,4117,4105,"76,57","72,57","72,36","471,07","458,12","448,98","479,64","549,85","484,47","106,22","126,6","103,38","116,7","96,94",4344,4053,4,22,151,0,89,3,16,6,"93,3","0,09","0,51","3,48",0,"2,05","0,07","0,37","0,14"
2021,AL,Federal,1678,1491,1458,1457,"88,86","86,89","86,83","548,85","528,25","516,23","584,72","692,27","575,69","130,11","154,89","128,09","141,99","137,2",1491,1459,1,0,18,0,9,0,4,0,"97,85","0,07",0,"1,21",0,"0,6",0,"0,27",0
2021,AL,Municipal,8,7,6,6,"87,5",75,75,"444,01","432,24","407,75",447,"391,43","416,91","82,86",100,80,"88,57",40,7,6,0,0,0,0,1,0,0,0,"85,71",0,0,0,0,"14,29",0,0,0
2021,AL,Privada,3327,3185,3119,3119,"95,73","93,75","93,75","530,71","513,44","502,88","562,26","698,5","563,18","130,41","156,94","128,13","143,9","139,11",3185,3122,1,5,39,0,8,0,9,1,"98,02","0,03","0,16","1,22",0,"0,25",0,"0,28","0,03"
2021,AM,Estadual,30173,15063,13304,13190,"49,92","44,09","43,71","457,01","445,46","439,98","466,57","474,25","462,38","97,88","108,34","93,23","103,61","71,2",15063,13353,22,266,614,0,609,22,132,45,"88,65","0,15","1,77","4,08",0,"4,04","0,15","0,88","0,3"
2021,AM,Federal,1193,1025,981,979,"85,92","82,23","82,06","513,98","502,15","487,93","524,38","620,18","531,64","124,37","136,29","118,05","131,51","109,95",1025,1001,1,0,15,0,4,0,3,1,"97,66","0,1",0,"1,46",0,"0,39",0,"0,29","0,1"
2021,AM,Municipal,266,132,118,117,"49,62","44,36","43,98","434,13","414,17","422,01","451,22","383,94","421,91","81,82","93,48","77,12","85,91","45,61",132,107,0,4,5,0,14,0,1,1,"81,06",0,"3,03","3,79",0,"10,61",0,"0,76","0,76"
2021,AM,Privada,1762,1623,1556,1555,"92,11","88,31","88,25","555,67","539,24","523,01","574,76","689,72","578,42","133,6","151,39","129,27","143,12","132,35",1623,1593,0,3,18,0,6,0,3,0,"98,15",0,"0,18","1,11",0,"0,37",0,"0,18",0
2021,AP,Estadual,2223,1676,1559,1555,"75,39","70,13","69,95","472,15","454,99","448,39","473,44","534,44","479,49","106,12","121,23","102,24",114,"90,85",1676,1551,0,13,58,0,34,5,12,3,"92,54",0,"0,78","3,46",0,"2,03","0,3","0,72","0,18"
2021,AP,Federal,46,34,33,33,"73,91","71,74","71,74","544,66","524,9","486,69","528,86","637,65","545,32","121,76","146,47",120,"128,82","120,59",34,34,0,0,0,0,0,0,0,0,100,0,0,0,0,0,0,0,0
2021,AP,Municipal,1,0,0,0,0,0,0,,,,,,,,,,,,0,0,0,0,0,0,0,0,0,0,,,,,,,,,
2021,AP,Privada,593,571,565,564,"96,29","95,28","95,11","545,1","526,41","510,11","549,79","697,51","566,94","130,16","154,15","130,82","145,74","136,64",571,558,0,4,6,0,3,0,0,0,"97,72",0,"0,7","1,05",0,"0,53",0,0,0
2021,BA,Estadual,33045,22602,21167,21085,"68,4","64,06","63,81","477,49","465,04","456,62","485,82","547,35","489,34","106,85","125,6","103,91","115,62","95,37",22602,21496,24,81,482,0,392,20,67,40,"95,11","0,11","0,36","2,13",0,"1,73","0,09","0,3","0,18"
2021,BA,Federal,3369,2958,2887,2884,"87,8","85,69","85,6","566,01","541,66","527,26","586,16","708,08","587,04","133,04","159,09","131,97","143,94","140,05",2958,2934,1,1,13,0,7,0,1,1,"99,19","0,03","0,03","0,44",0,"0,24",0,"0,03","0,03"
2021,BA,Municipal,327,185,170,167,"56,57","51,99","51,07","453,93","442,98","438,22","457,94","519,78","464,79","102,16","119,78","100,22","113,3","84,32",185,175,0,1,4,0,5,0,0,0,"94,59",0,"0,54","2,16",0,"2,7",0,0,0
2021,BA,Privada,11299,10908,10758,10746,"96,54","95,21","95,11","556,23","537,5","525,64","583,74","733,2","588,11","134,7","163,01","134,61","150,99","149,89",10908,10803,5,9,57,0,21,1,11,1,"99,04","0,05","0,08","0,52",0,"0,19","0,01","0,1","0,01"
2021,Brasil,Estadual,548998,385168,361767,360253,"70,16","65,9","65,62","489,74","478,41","463,89","502,4","552,25","500,66","109,32","125,77","104,63","116,7","95,82",385168,362419,417,2264,10857,0,6852,347,1511,501,"94,09","0,11","0,59","2,82",0,"1,78","0,09","0,39","0,13"
2021,Brasil,Federal,46789,42065,41089,41021,"89,9","87,82","87,67","565,61","542,3","531,6","599,38","695,35","588,49","131,65","155,05","128,66","142,44","137,54",42065,41388,26,15,433,0,122,6,63,12,"98,39","0,06","0,04","1,03",0,"0,29","0,01","0,15","0,03"
2021,Brasil,Municipal,7254,5216,4907,4887,"71,91","67,65","67,37","503,58","489,97","475,82","521,27","568,98","515,05","112,65","129,33","107,32","119,34","100,35",5216,4968,2,20,120,0,87,2,12,5,"95,25","0,04","0,38","2,3",0,"1,67","0,04","0,23","0,1"
2021,Brasil,Privada,210765,200441,196508,196290,"95,1","93,24","93,13","565,49","544,58","538,42","607,07","727,04","597,78","136,18","160,78","133,84","149,77","146,46",200441,198497,73,130,1182,0,318,18,204,19,"99,03","0,04","0,06","0,59",0,"0,16","0,01","0,1","0,01"
2021,CE,Estadual,84753,54133,51133,50631,"63,87","60,33","59,74","469,36","461,27","448,5","483,37","507,87","477,96","99,1","116,54","96,45","108,34","87,44",54133,48124,91,769,2577,0,2042,98,323,109,"88,9","0,17","1,42","4,76",0,"3,77","0,18","0,6","0,2"
2021,CE,Federal,1047,941,919,917,"89,88","87,77","87,58",549,"528,77","517,18","584,2","673,77","572,01","128,1","149,05","125,08","138,17","133,37",941,918,0,0,18,0,5,0,0,0,"97,56",0,0,"1,91",0,"0,53",0,0,0
2021,CE,Municipal,81,43,36,36,"53,09","44,44","44,44","459,09",446,"447,46","474,24","494,88","470,76","99,53","115,35","95,81","106,51","77,67",43,40,0,0,1,0,2,0,0,0,"93,02",0,0,"2,33",0,"4,65",0,0,0
2021,CE,Privada,7278,7024,6924,6919,"96,51","95,14","95,07","572,53","544,89","544,47","621,8","766,59","611,28","140,99","167,65","139,78","158,58","159,58",7024,6959,3,8,38,0,8,0,8,0,"99,07","0,04","0,11","0,54",0,"0,11",0,"0,11",0
2021,DF,Estadual,10030,8407,8017,8000,"83,82","79,93","79,76","503,56","495,84","472,33","507,54","567,5","511,31","114,25","128,7","107,72","119,18","97,65",8407,8117,7,21,153,0,84,1,18,6,"96,55","0,08","0,25","1,82",0,1,"0,01","0,21","0,07"
2021,DF,Federal,809,753,725,725,"93,08","89,62","89,62","559,28","541,78","533,31","592,52","642,74","576,17","127,62","144,86","120,93","132,7","116,63",753,738,1,0,9,0,3,0,1,1,"98,01","0,13",0,"1,2",0,"0,4",0,"0,13","0,13"
2021,DF,Privada,6074,5846,5757,5749,"96,25","94,78","94,65","574,63","557,31","548,71","609,5","711,51","601,41","136,11","158,11","130,85","146,38","140,08",5846,5789,2,2,40,0,8,0,3,2,"99,02","0,03","0,03","0,68",0,"0,14",0,"0,05","0,03"
2021,ES,Estadual,12408,9730,9099,9079,"78,42","73,33","73,17","497,37","485,78","473,06","513,56","578,06","513,02","113,21","129,38","107,75","120,73",107,9730,9283,7,39,263,0,90,9,31,8,"95,41","0,07","0,4","2,7",0,"0,92","0,09","0,32","0,08"
2021,ES,Federal,2036,1923,1884,1882,"94,45","92,53","92,44","596,21","566,25","571,21","648,73","745,36","626,84","139,41","164,65","136,18","152,93","152,19",1923,1901,3,1,15,0,1,1,1,0,"98,86","0,16","0,05","0,78",0,"0,05","0,05","0,05",0
2021,ES,Municipal,36,25,24,24,"69,44","66,67","66,67","479,81","470,44","462,83","480,25","557,6","489,95","104,8","121,6",100,"115,2",116,25,23,0,0,1,0,1,0,0,0,92,0,0,4,0,4,0,0,0
2021,ES,Privada,3177,2994,2939,2936,"94,24","92,51","92,41","570,58","546,08","548,69","616,26","760,46","609,73","139,84","167,21","138,98","156,58","157,84",2994,2968,2,0,14,0,4,0,4,2,"99,13","0,07",0,"0,47",0,"0,13",0,"0,13","0,07"
2021,GO,Estadual,36250,17884,16678,16492,"49,34","46,01","45,5","482,57","471,99","458,81","495,4","546,88","494,98","108,1","125,95","104,36","116,61","91,87",17884,16944,28,86,438,0,296,19,47,26,"94,74","0,16","0,48","2,45",0,"1,66","0,11","0,26","0,15"
2021,GO,Federal,1399,1291,1256,1256,"92,28","89,78","89,78","558,49","534,66","518,78","575,66","674,75","573,93","127,47","151,26","124,96","138,28","132,78",1291,1266,1,0,19,0,2,1,2,0,"98,06","0,08",0,"1,47",0,"0,15","0,08","0,15",0
2021,GO,Municipal,118,73,72,71,"61,86","61,02","60,17","483,92","469,72","463,72","492,42","588,77","502,64","114,79","131,78","113,97","123,29","104,93",73,72,0,0,1,0,0,0,0,0,"98,63",0,0,"1,37",0,0,0,0,0
2021,GO,Privada,7196,6825,6693,6687,"94,84","93,01","92,93","565,12","543,51","538,83","603,51","748,21","601,28","137,76","165,49","137,55","154,32","153,09",6825,6780,1,4,28,0,9,0,3,0,"99,34","0,01","0,06","0,41",0,"0,13",0,"0,04",0
2021,MA,Estadual,15577,12140,11552,11515,"77,94","74,16","73,92","466,53","453,65","447,7","474,66","541,31","479,24","106,35","123,71","103,68","115,85","91,72",12140,11272,14,86,331,0,357,8,48,24,"92,85","0,12","0,71","2,73",0,"2,94","0,07","0,4","0,2"
2021,MA,Federal,2417,2129,2055,2048,"88,08","85,02","84,73","527,06","507,27","496,01","546,83","663,02","550,56","125,94","148,27","124,03","137,35","127,44",2129,2064,2,2,35,0,15,1,8,2,"96,95","0,09","0,09","1,64",0,"0,7","0,05","0,38","0,09"
2021,MA,Municipal,84,50,45,45,"59,52","53,57","53,57","456,04","433,05","447,3","486,44","525,2","477,85","100,8","123,2","101,6","110,4","89,2",50,44,0,0,4,0,2,0,0,0,88,0,0,8,0,4,0,0,0
2021,MA,Privada,3062,2931,2882,2880,"95,72","94,12","94,06","546,49","523,56","514,41","576,95","744,12","582,48","137,46","164,83","137,54","154,51","149,78",2931,2885,0,4,27,0,5,0,10,0,"98,43",0,"0,14","0,92",0,"0,17",0,"0,34",0
2021,MG,Estadual,39092,28699,26962,26904,"73,41","68,97","68,82","504,05","493,01","474,53","521,94","580,21","517,92","114,4","131,11","108,96","121,41","104,33",28699,27432,31,120,670,0,335,16,79,16,"95,59","0,11","0,42","2,33",0,"1,17","0,06","0,28","0,06"
2021,MG,Federal,5834,5455,5386,5378,"93,5","92,32","92,18","590,72","562,32","556,85","639,63","738,49","618,51","137,52","163,8","135,56","150,69","150,91",5455,5404,3,1,33,0,9,1,4,0,"99,07","0,05","0,02","0,6",0,"0,16","0,02","0,07",0
2021,MG,Municipal,629,490,477,477,"77,9","75,83","75,83","534,07","521,12","503,68","560,8","637,71","553,19","124,29","143,31","117,92","132,12","120,08",490,481,0,0,8,0,1,0,0,0,"98,16",0,0,"1,63",0,"0,2",0,0,0
2021,MG,Privada,18681,18011,17780,17769,"96,41","95,18","95,12","588,43","561,75","559,18","641,38","783,08","627,67","143,64","172,52","143,32","161,14","162,46",18011,17910,6,5,56,0,19,0,13,2,"99,44","0,03","0,03","0,31",0,"0,11",0,"0,07","0,01"
2021,MS,Estadual,7272,5443,5064,5051,"74,85","69,64","69,46","484,96","474,32","460,65","498,16","542,4","495,41","109,29","123,56","103,35","115,45","90,76",5443,5148,10,23,137,0,96,4,22,3,"94,58","0,18","0,42","2,52",0,"1,76","0,07","0,4","0,06"
2021,MS,Federal,1036,873,846,842,"84,27","81,66","81,27","552,82","535,19","523,98","588,75","651,45","572,15","125,38","146,85","120,18","134,09","124,95",873,855,0,0,11,0,2,0,5,0,"97,94",0,0,"1,26",0,"0,23",0,"0,57",0
2021,MS,Municipal,31,15,15,14,"48,39","48,39","45,16","423,46","458,71","467,93","478,54",492,"466,77","93,33","117,33","94,67",100,"86,67",15,14,0,0,0,0,1,0,0,0,"93,33",0,0,0,0,"6,67",0,0,0
2021,MS,Privada,2333,2224,2178,2174,"95,33","93,36","93,18","556,99","538,28","536,41","604,33","726,05","593,98","136,54","159,24","134,33","150,61","145,32",2224,2204,1,0,12,0,2,0,5,0,"99,1","0,04",0,"0,54",0,"0,09",0,"0,22",0
2021,MT,Estadual,8194,5925,5483,5466,"72,31","66,91","66,71","480,9","464,47","459,88","491,56","538,09","491,18","106,11","123,51","101,62","113,98","92,87",5925,5551,4,22,213,0,98,5,27,5,"93,69","0,07","0,37","3,59",0,"1,65","0,08","0,46","0,08"
2021,MT,Federal,1616,1433,1392,1384,"88,68","86,14","85,64","542,86","522,13","507,91","562,12","660,39","561,67","124,56",149,"121,72","136,27","128,83",1433,1393,0,1,27,0,5,1,6,0,"97,21",0,"0,07","1,88",0,"0,35","0,07","0,42",0
2021,MT,Municipal,45,26,22,22,"57,78","48,89","48,89","467,13","440,41","428,05","460,72",460,"453,6","97,69","105,38","81,54","104,62","70,77",26,23,0,0,0,0,3,0,0,0,"88,46",0,0,0,0,"11,54",0,0,0
2021,MT,Privada,2848,2726,2682,2681,"95,72","94,17","94,14","553,94","529,98","528,86","592,57","728,47","587,6","134,3","163,07","133,77","150,35","146,98",2726,2697,0,6,15,0,6,1,1,0,"98,94",0,"0,22","0,55",0,"0,22","0,04","0,04",0
2021,PA,Estadual,17561,13595,12850,12812,"77,42","73,17","72,96","472,44","453,47","449,62","474,41","554,66","483,69","106,53","125,99","105,96","117,94","98,24",13595,12723,17,91,412,0,233,14,81,24,"93,59","0,13","0,67","3,03",0,"1,71","0,1","0,6","0,18"
2021,PA,Federal,1380,1199,1158,1158,"86,88","83,91","83,91","537,16","513,8","505,21","551,78","670,69","557,37","124,75","148,41","125,2","138,45","133,88",1199,1171,3,1,12,0,5,1,6,0,"97,66","0,25","0,08",1,0,"0,42","0,08","0,5",0
2021,PA,Municipal,1354,949,893,889,"70,09","65,95","65,66","457,61","438,88","438,7","462,41","517,41","466,46","100,99","118,67","99,79","111,36","86,6",949,873,1,10,28,0,26,0,7,4,"91,99","0,11","1,05","2,95",0,"2,74",0,"0,74","0,42"
2021,PA,Privada,6634,6360,6249,6246,"95,87","94,2","94,15","546,91","522,45","515,6","563,22","744,84","579,96","135,07","164,86","137,93","154,73","152,25",6360,6279,5,11,48,0,6,1,9,1,"98,73","0,08","0,17","0,75",0,"0,09","0,02","0,14","0,02"
2021,PB,Estadual,11364,7890,7551,7537,"69,43","66,45","66,32","475,4","462,89","453,86","484,76","560,46",490,"106,79","127,91","104,94","117,82",103,7890,7384,7,46,271,0,133,3,40,6,"93,59","0,09","0,58","3,43",0,"1,69","0,04","0,51","0,08"
2021,PB,Federal,1721,1577,1557,1557,"91,63","90,47","90,47","545,99","521,01","508,06","568,37","709,77","571,84","131,07","158,92","130,59","145,59","143,59",1577,1544,1,2,20,0,9,0,1,0,"97,91","0,06","0,13","1,27",0,"0,57",0,"0,06",0
2021,PB,Municipal,44,30,27,27,"68,18","61,36","61,36","488,25","447,93","472,6","472,58",470,"479,81",92,110,"87,33","99,33","81,33",30,26,0,0,1,0,3,0,0,0,"86,67",0,0,"3,33",0,10,0,0,0
2021,PB,Privada,4518,4414,4362,4361,"97,7","96,55","96,53","555,26","529,67","527,41","593,02","750,24","592,27","136,61","165,78","137,78","156,04","154,03",4414,4357,3,5,38,0,4,0,7,0,"98,71","0,07","0,11","0,86",0,"0,09",0,"0,16",0
2021,PE,Estadual,30305,21622,20626,20580,"71,35","68,06","67,91","481,53","474,17","462,18","502,48","565,64","500,28","108,61","129,33","106,34","118,94","102,43",21622,20211,22,127,767,0,340,19,105,31,"93,47","0,1","0,59","3,55",0,"1,57","0,09","0,49","0,14"
2021,PE,Federal,1608,1467,1446,1440,"91,23","89,93","89,55","572,4","548,26","542,12","615,76","702,19","597,69","131,64","156,77","130,58","143,56","139,65",1467,1435,0,1,23,0,5,0,0,3,"97,82",0,"0,07","1,57",0,"0,34",0,0,"0,2"
2021,PE,Municipal,37,18,15,15,"48,65","40,54","40,54","459,82","454,36","438,85","485,21","485,56","473,71","104,44","112,22","94,44","101,11","73,33",18,17,0,0,0,0,1,0,0,0,"94,44",0,0,0,0,"5,56",0,0,0
2021,PE,Privada,8277,8030,7930,7928,"97,02","95,81","95,78","553,18","534,69","525,72","598,78","722,34","588,04","133,92","161,2","134,1","148,89","144,23",8030,7903,4,11,74,0,22,3,12,1,"98,42","0,05","0,14","0,92",0,"0,27","0,04","0,15","0,01"
2021,PI,Estadual,8367,6587,6365,6347,"78,73","76,07","75,86","469,98","455,73","447,99","477,55","557,5","483,83","107,04","128,41","105,68","119,27","97,09",6587,6234,3,52,126,0,120,9,27,16,"94,64","0,05","0,79","1,91",0,"1,82","0,14","0,41","0,24"
2021,PI,Federal,1363,1285,1267,1267,"94,28","92,96","92,96","524,03","508,56","493,16","555,47","688,45","554,81","127,83","156,2","127,14","142,18","135,1",1285,1261,2,0,11,0,8,0,3,0,"98,13","0,16",0,"0,86",0,"0,62",0,"0,23",0
2021,PI,Municipal,76,59,57,57,"77,63",75,75,"444,79","423,97","425,39","441,97","495,25","448,25","95,25","116,61","94,92","104,41","84,07",59,53,0,1,3,0,2,0,0,0,"89,83",0,"1,69","5,08",0,"3,39",0,0,0
2021,PI,Privada,3725,3636,3601,3598,"97,61","96,67","96,59","562,57","542,14","538,36","606,36","786,57","608,12","141,87","174,58","146,22","163,29","160,61",3636,3603,0,3,19,0,3,0,8,0,"99,09",0,"0,08","0,52",0,"0,08",0,"0,22",0
2021,PR,Estadual,26641,20352,19159,19123,"76,39","71,92","71,78","504,68","491,49","476,96","515,91","556,14","511,97","113,07","126,58","105,98","117,5","93,01",20352,19626,20,70,407,0,165,14,39,11,"96,43","0,1","0,34",2,0,"0,81","0,07","0,19","0,05"
2021,PR,Federal,1633,1446,1415,1413,"88,55","86,65","86,53","576,66","554,48","542,45","608,63","672,32","592,23","131,81","151,27","125,34","136,06","127,84",1446,1433,0,0,9,0,3,0,1,0,"99,1",0,0,"0,62",0,"0,21",0,"0,07",0
2021,PR,Municipal,65,39,35,35,60,"53,85","53,85","497,42","479,87","466,48","505,96","493,85","499,41","101,54","118,46","95,38","102,05","76,41",39,34,1,0,3,0,1,0,0,0,"87,18","2,56",0,"7,69",0,"2,56",0,0,0
2021,PR,Privada,14026,12820,12480,12467,"91,4","88,98","88,88","562,98","542,77","540,83","606,67","684,19","589,47","131,92","151,77","126,35","140,83","133,32",12820,12656,7,5,109,0,24,1,15,3,"98,72","0,05","0,04","0,85",0,"0,19","0,01","0,12","0,02"
2021,RJ,Estadual,26550,19943,18471,18427,"75,11","69,57","69,4","497,17","487,05","465,52","504,38","559,62","506,46","113,17","127,18","105,63","117,94","95,71",19943,18943,20,51,526,0,283,11,85,24,"94,99","0,1","0,26","2,64",0,"1,42","0,06","0,43","0,12"
2021,RJ,Federal,4260,3819,3731,3727,"89,65","87,58","87,49","592,22","566,24","553,79","632,44","721,35","614,73","137,52","158,79","132,91","147,17","144,95",3819,3783,0,1,26,0,6,0,2,1,"99,06",0,"0,03","0,68",0,"0,16",0,"0,05","0,03"
2021,RJ,Municipal,575,399,363,362,"69,39","63,13","62,96","512,43","496,53","478,83","519,3","575,74","520,95","114,69","131,03","106,62","120,3","103,11",399,379,0,1,14,0,4,1,0,0,"94,99",0,"0,25","3,51",0,1,"0,25",0,0
2021,RJ,Privada,23254,22328,21842,21810,"96,02","93,93","93,79","563,68","542,8","531,91","602,59","727,64","595,09","137,01","160,7","133,58","150,66","145,69",22328,22100,8,10,132,0,50,4,22,2,"98,98","0,04","0,04","0,59",0,"0,22","0,02","0,1","0,01"
2021,RN,Estadual,6572,5247,5003,4992,"79,84","76,13","75,96","482,61","469,62","458,47","488,7","558,59","494,05","108,52","126,88","105,01","118,04","100,15",5247,4964,14,33,141,0,67,5,18,5,"94,61","0,27","0,63","2,69",0,"1,28","0,1","0,34","0,1"
2021,RN,Federal,2666,2501,2466,2461,"93,81","92,5","92,31","574,34","550,99","536,6","613,29","725,65","601,68","135,38","161,37","134,3","148,92","145,69",2501,2464,3,0,27,0,4,0,2,1,"98,52","0,12",0,"1,08",0,"0,16",0,"0,08","0,04"
2021,RN,Municipal,22,13,13,13,"59,09","59,09","59,09","480,48","486,37","467,75","499,14","396,92","466,13","84,62","92,31","78,46","84,62","56,92",13,10,0,0,1,0,2,0,0,0,"76,92",0,0,"7,69",0,"15,38",0,0,0
2021,RN,Privada,3679,3603,3555,3553,"97,93","96,63","96,58","556,24","532,94","528,38","589,71","742,73","591,05","135,48","165,59","135,76","153,63","152,27",3603,3558,1,4,22,0,12,0,6,0,"98,75","0,03","0,11","0,61",0,"0,33",0,"0,17",0
2021,RO,Estadual,6061,3926,3547,3527,"64,77","58,52","58,19","476,53","463,48","459,31","490,54","538,38","490,79","104,23","123,11","100,76","114,3","95,98",3926,3624,2,35,148,0,79,5,20,13,"92,31","0,05","0,89","3,77",0,"2,01","0,13","0,51","0,33"
2021,RO,Federal,878,755,724,721,"85,99","82,46","82,12","527,55","510,61","497,47","550,1","642,01","548,63","121,46","144,42","118,94","131,87","125,32",755,733,1,2,14,0,3,0,2,0,"97,09","0,13","0,26","1,85",0,"0,4",0,"0,26",0
2021,RO,Municipal,27,10,10,10,"37,04","37,04","37,04","475,46","471,03","469,34","460,43",508,"476,85",94,114,100,108,92,10,9,0,0,0,0,0,0,1,0,90,0,0,0,0,0,0,10,0
2021,RO,Privada,733,699,684,684,"95,36","93,32","93,32","543,71","528,98","520,75","574,92","710,59","576,79","132,02","158,94","131,33","146,01","142,29",699,692,0,0,2,0,2,0,3,0,99,0,0,"0,29",0,"0,29",0,"0,43",0
2021,RR,Estadual,1296,891,842,839,"68,75","64,97","64,74","486,69","474,8","465,25","490,17","521,28","490,41","106,37","118,72","101,73","111,6","82,85",891,816,0,6,42,0,16,1,8,2,"91,58",0,"0,67","4,71",0,"1,8","0,11","0,9","0,22"
2021,RR,Federal,268,208,200,200,"77,61","74,63","74,63","526,56","519,13","496,86","541,34","614,13","542,99",120,"136,73","116,83","127,31","113,27",208,198,1,0,4,0,3,0,1,1,"95,19","0,48",0,"1,92",0,"1,44",0,"0,48","0,48"
2021,RR,Privada,222,206,195,195,"92,79","87,84","87,84",543,"527,8","515,1","548,88","676,89","565,52","129,42","151,65","126,31","138,93","130,58",206,200,0,1,4,0,0,0,1,0,"97,09",0,"0,49","1,94",0,0,0,"0,49",0
2021,RS,Estadual,23546,18291,17144,17105,"77,68","72,81","72,65","511,22","496,66","479,78","523,07","579,45","521,24","117,33","129,51","109,65","121,67","101,3",18291,17565,8,28,449,0,162,16,51,12,"96,03","0,04","0,15","2,45",0,"0,89","0,09","0,28","0,07"
2021,RS,Federal,2805,2397,2335,2334,"85,45","83,24","83,21","582,66","557,84","548,01","619,85","683,45","600,34","132,02","151,11","126,44","139,31","134,57",2397,2360,2,0,25,0,4,0,6,0,"98,46","0,08",0,"1,04",0,"0,17",0,"0,25",0
2021,RS,Municipal,343,249,235,234,"72,59","68,51","68,22","498,33","486,58","476,4","517,67","535,34","507,66","108,35","121,69","100,8","112,77","91,73",249,233,0,0,13,0,3,0,0,0,"93,57",0,0,"5,22",0,"1,2",0,0,0
2021,RS,Privada,9109,8607,8402,8388,"94,49","92,24","92,08","577,76","558,09","543,03","617,36","729,37","606,82","138,12","160,17","133,82","148,98","148,29",8607,8510,3,1,77,0,8,0,6,2,"98,87","0,03","0,01","0,89",0,"0,09",0,"0,07","0,02"
2021,SC,Estadual,16093,11760,10902,10887,"73,08","67,74","67,65","507,89","488,48","483,58","518,83","567,2","516,04","114,99","128,16","107,58","119,01","97,45",11760,11341,15,17,266,0,83,5,26,7,"96,44","0,13","0,14","2,26",0,"0,71","0,04","0,22","0,06"
2021,SC,Federal,2483,2169,2091,2088,"87,35","84,21","84,09","580,48","552,33","545,1","616,11","681,38",597,"131,05","152,62","125,6","138,19","133,92",2169,2140,0,1,25,0,2,0,1,0,"98,66",0,"0,05","1,15",0,"0,09",0,"0,05",0
2021,SC,Municipal,98,60,54,53,"61,22","55,1","54,08","526,33","500,71","506,15","539,05","567,67","535,08",113,"129,33",105,"115,33",105,60,58,0,0,1,0,1,0,0,0,"96,67",0,0,"1,67",0,"1,67",0,0,0
2021,SC,Privada,7720,7054,6859,6851,"91,37","88,85","88,74","572,43","550,42","548,62","619,38","712,9","602,18","135,03","157,68","131,18","146,78","142,23",7054,6977,3,2,54,0,11,0,7,0,"98,91","0,04","0,03","0,77",0,"0,16",0,"0,1",0
2021,SE,Estadual,5390,4059,3828,3822,"75,31","71,02","70,91","477,91","463,69","458,35","492,59",577,"497,64","108,8","132,36","107,29","121,43","107,11",4059,3811,4,30,106,0,76,2,23,7,"93,89","0,1","0,74","2,61",0,"1,87","0,05","0,57","0,17"
2021,SE,Federal,321,295,288,288,"91,9","89,72","89,72","549,22","522,84","522,15","580,2","693,36","575,77","127,53","155,93","129,02","142,92","137,97",295,292,0,1,2,0,0,0,0,0,"98,98",0,"0,34","0,68",0,0,0,0,0
2021,SE,Municipal,10,5,5,5,50,50,50,"421,68","444,34","417,3","481,3",652,"483,32",124,144,124,136,124,5,5,0,0,0,0,0,0,0,0,100,0,0,0,0,0,0,0,0
2021,SE,Privada,2759,2686,2651,2649,"97,35","96,09","96,01","554,83","531,95","526,85","585,75","758,03","592,84","137,37","166,9","138,83","156,65","158,28",2686,2646,1,6,23,0,4,0,6,0,"98,51","0,04","0,22","0,86",0,"0,15",0,"0,22",0
2021,SP,Estadual,77196,59751,56475,56328,"77,4","73,16","72,97","518,24","508,82","481,13","535,3","578,8","526,99","116,32","131,42","109,2","120,99","100,86",59751,57904,39,97,1000,0,486,29,152,44,"96,91","0,07","0,16","1,67",0,"0,81","0,05","0,25","0,07"
2021,SP,Federal,2049,1853,1824,1820,"90,43","89,02","88,82","569,16","549,98","528,95","609,47","681,31","588,95","131,37","151,81","125,59","139,5","133,04",1853,1829,0,0,17,0,4,0,2,1,"98,7",0,0,"0,92",0,"0,22",0,"0,11","0,05"
2021,SP,Municipal,2955,2331,2208,2202,"78,88","74,72","74,52","528,66","517,9","493,44","553,08","602,62","541,09","119,68",136,"112,97","124,89","109,07",2331,2278,0,3,32,0,14,1,3,0,"97,73",0,"0,13","1,37",0,"0,6","0,04","0,13",0
2021,SP,Privada,57273,53985,52740,52658,"94,26","92,09","91,94","567,32","548,77","543,51","614,44","702,8","596,46","134,1","155,25","129,81","144,05","139,59",53985,53616,17,21,218,0,72,7,32,2,"99,32","0,03","0,04","0,4",0,"0,13","0,01","0,06",0
2021,TO,Estadual,5051,3459,3238,3229,"68,48","64,11","63,93","466,57","454,57","448,77","481,77","543,37","482,38","106,92","125,6","103,93","116,5","90,43",3459,3289,3,22,68,0,58,3,11,5,"95,09","0,09","0,64","1,97",0,"1,68","0,09","0,32","0,14"
2021,TO,Federal,552,500,489,487,"90,58","88,59","88,22","532,34","516,9","502,43","559,08","653,76","554,13","124,36","150,44","121,44","134,28","123,24",500,494,0,0,4,0,2,0,0,0,"98,8",0,0,"0,8",0,"0,4",0,0,0
2021,TO,Municipal,14,6,5,4,"42,86","35,71","28,57","490,68","483,3","509,24","510,3",570,"532,11","123,33","133,33","113,33","126,67","73,33",6,6,0,0,0,0,0,0,0,0,100,0,0,0,0,0,0,0,0
2021,TO,Privada,843,788,775,774,"93,48","91,93","91,81","556,94","535,58","534,62","589,85","738,81","591,93","134,85","167,64","136,09","152,82","147,41",788,781,0,0,7,0,0,0,0,0,"99,11",0,0,"0,89",0,0,0,0,0
2022,AC,Estadual,3458,2435,2244,2235,"70,42","64,89","64,63","488,48","477,07","464,78","491,25","547,01","498,77","106,55","124,49","102,93","117,09","95,94",2435,2233,6,55,71,0,50,1,15,4,"91,7","0,25","2,26","2,92",0,"2,05","0,04","0,62","0,16"
2022,AC,Federal,312,291,287,286,"93,27","91,99","91,67","513,28","512,93","496,75","533,34","675,95","547,53","126,94","155,81","122,89","141,17","129,14",291,286,0,0,2,0,1,0,2,0,"98,28",0,0,"0,69",0,"0,34",0,"0,69",0
2022,AC,Municipal,20,13,12,12,65,60,60,"455,18","443,37","459,88","439,91",440,"456,17","84,62",100,"90,77","95,38","69,23",13,10,0,2,0,0,1,0,0,0,"76,92",0,"15,38",0,0,"7,69",0,0,0
2022,AC,Privada,501,483,481,480,"96,41","96,01","95,81","567,2","546,46","528,52","589,95","784,55","604,21","141,24","176,02","143,15","161,08","163,06",483,477,1,2,2,0,0,0,1,0,"98,76","0,21","0,41","0,41",0,0,0,"0,21",0
2022,AL,Estadual,9994,6537,6098,6077,"65,41","61,02","60,81","479,16","467,81","462,75","484,78","520,51","487,26","101,77","119,73","96,35","112,04","90,62",6537,5746,6,125,365,0,213,6,60,16,"87,9","0,09","1,91","5,58",0,"3,26","0,09","0,92","0,24"
2022,AL,Federal,2125,1869,1839,1835,"87,95","86,54","86,35","548,12","544,44","517,71","592,41","709,89","583,48","132,05","163,75","130,64","145,82","137,64",1869,1832,0,3,25,0,5,0,1,3,"98,02",0,"0,16","1,34",0,"0,27",0,"0,05","0,16"
2022,AL,Municipal,23,9,9,9,"39,13","39,13","39,13","434,76","416,69","465,48","476,46","453,33","449,34","84,44","117,78","86,67",100,"64,44",9,8,0,1,0,0,0,0,0,0,"88,89",0,"11,11",0,0,0,0,0,0
2022,AL,Privada,3543,3365,3301,3296,"94,98","93,17","93,03","550,36","534,57","516,22","579,52","726,12","582,53","132,96","166,73","132,18","148,84","145,4",3365,3299,0,16,29,0,14,0,5,2,"98,04",0,"0,48","0,86",0,"0,42",0,"0,15","0,06"
2022,AM,Estadual,24394,13003,11560,11452,"53,3","47,39","46,95","477,9","468,96","461,87","476,42","489,83","481,14","100,16","110,16","94,65","106,42","78,44",13003,11219,13,528,650,0,400,9,154,30,"86,28","0,1","4,06",5,0,"3,08","0,07","1,18","0,23"
2022,AM,Federal,1165,986,937,934,"84,64","80,43","80,17","525,19","521,01","491,79","539,61","641,2","546,36","125,31","144,34","121,58","134,81","115,15",986,953,1,8,13,0,7,1,3,0,"96,65","0,1","0,81","1,32",0,"0,71","0,1","0,3",0
2022,AM,Municipal,211,89,81,77,"42,18","38,39","36,49","460,41","445,44","451,87","460,98","425,84","452,47","86,74","99,33","84,94","94,38","60,45",89,75,2,3,2,0,5,0,2,0,"84,27","2,25","3,37","2,25",0,"5,62",0,"2,25",0
2022,AM,Privada,1967,1722,1671,1670,"87,54","84,95","84,9","564,69","552,84","529,28","592,6","700,2","589,97","134,74","157,94","131,81","146,17","129,54",1722,1675,0,12,29,0,2,0,2,2,"97,27",0,"0,7","1,68",0,"0,12",0,"0,12","0,12"
2022,AP,Estadual,2918,2166,1996,1993,"74,23","68,4","68,3","481,89","468,64","457,3","472,16","527,73","486,25","104,07","121,2","100,32","113,67","88,47",2166,1938,0,55,101,0,53,0,17,2,"89,47",0,"2,54","4,66",0,"2,45",0,"0,78","0,09"
2022,AP,Federal,338,318,315,314,"94,08","93,2","92,9","544,64","531,1","506,83",532,"682,52","560,79","129,62","157,99","128,55","141,07","125,28",318,313,0,0,5,0,0,0,0,0,"98,43",0,0,"1,57",0,0,0,0,0
2022,AP,Municipal,1,0,0,0,0,0,0,,,,,,,,,,,,0,0,0,0,0,0,0,0,0,0,,,,,,,,,
2022,AP,Privada,612,580,568,568,"94,77","92,81","92,81","555,96","544,94","516,16","564,09","730,14","583,6","134,48","166,9","135,41","150,34",143,580,568,0,2,4,0,2,0,4,0,"97,93",0,"0,34","0,69",0,"0,34",0,"0,69",0
2022,BA,Estadual,29405,20793,19555,19456,"70,71","66,5","66,17","491,98","481,72","467,5","491,84","548,93","500,13","106,33","126,36","102,38","116,67","97,19",20793,19018,24,307,743,0,539,7,135,20,"91,46","0,12","1,48","3,57",0,"2,59","0,03","0,65","0,1"
2022,BA,Federal,3218,2912,2854,2849,"90,49","88,69","88,53","567,35","560,84","530,64","594,83","720,66","596,38","134,22","165,76","133,23","146,32","141,13",2912,2878,0,0,22,0,5,0,6,1,"98,83",0,0,"0,76",0,"0,17",0,"0,21","0,03"
2022,BA,Municipal,302,176,165,165,"58,28","54,64","54,64","464,98","453,35","451,68","461,22","472,95","463,77","94,2","109,43","88,75","103,52","77,05",176,151,0,3,7,0,10,1,2,2,"85,8",0,"1,7","3,98",0,"5,68","0,57","1,14","1,14"
2022,BA,Privada,11558,11072,10924,10908,"95,8","94,51","94,38","564,06","548,59","529,13","594,4","756,44","599,59","136,82","173,03","138,27","155,38","152,93",11072,10939,2,26,67,0,16,1,17,4,"98,8","0,02","0,23","0,61",0,"0,14","0,01","0,15","0,04"
2022,Brasil,Estadual,666020,465075,435589,433913,"69,83","65,4","65,15","501,35","493,86","474,7","510,35","554,59","510,86","108,92","127,1","103,44","117,57","97,56",465075,424833,463,9400,17657,0,9189,174,2942,417,"91,35","0,1","2,02","3,8",0,"1,98","0,04","0,63","0,09"
2022,Brasil,Federal,49452,45140,44299,44209,"91,28","89,58","89,4","564,03","555,56","530,84","603,38","720,29","596,13","134,39","164,96","132,27","147,05","141,61",45140,44419,7,84,426,0,103,3,86,12,"98,4","0,02","0,19","0,94",0,"0,23","0,01","0,19","0,03"
2022,Brasil,Municipal,9051,6159,5800,5776,"68,05","64,08","63,82","513,15","505,72","484,14","527,05","574,74","524,45","112,88","132,27","107,42","121,02","101,16",6159,5784,3,88,137,0,101,4,33,9,"93,91","0,05","1,43","2,22",0,"1,64","0,06","0,54","0,15"
2022,Brasil,Privada,227421,213207,209320,209017,"93,75","92,04","91,91","572,71",558,"538,37","615,93","750,77","608,39","138,27","170,77","137,54","154,2","149,98",213207,210801,34,574,1164,0,352,9,252,21,"98,87","0,02","0,27","0,55",0,"0,17",0,"0,12","0,01"
2022,CE,Estadual,93828,66782,63312,62827,"71,17","67,48","66,96","481,17","470,05","465,51","492,04","511,12","487,97","99,1","116,43","94,94","109,48","91,17",66782,56803,122,2850,4068,0,2226,44,572,97,"85,06","0,18","4,27","6,09",0,"3,33","0,07","0,86","0,15"
2022,CE,Federal,1283,1142,1122,1120,"89,01","87,45","87,3","559,34","551,16","526,73","601,36","711,12","591,59","133,57","161,56","130,33","144,9","140,75",1142,1113,0,4,20,0,3,0,2,0,"97,46",0,"0,35","1,75",0,"0,26",0,"0,18",0
2022,CE,Municipal,99,56,50,50,"56,57","50,51","50,51","469,59","458,05","471,93","475,48","481,43","484,61","95,71","110,71","89,64","103,21","82,14",56,50,0,0,3,0,2,0,1,0,"89,29",0,0,"5,36",0,"3,57",0,"1,79",0
2022,CE,Privada,7762,7429,7353,7343,"95,71","94,73","94,6","578,83","556,92","542,05","629,34","786,64","619,56","142,73","175,93","143,39","162,31","162,28",7429,7350,1,24,30,0,15,0,9,0,"98,94","0,01","0,32","0,4",0,"0,2",0,"0,12",0
2022,DF,Estadual,11832,9395,8879,8856,"79,4","75,04","74,85","515,55","516,79","482,12","517,71","575,92","525,23","113,57","132,56","107,39","120,66","101,73",9395,8799,5,68,353,0,121,5,41,3,"93,66","0,05","0,72","3,76",0,"1,29","0,05","0,44","0,03"
2022,DF,Federal,829,751,739,735,"90,59","89,14","88,66","565,04","561,29","532,68","590,38","671,64","585,75","131,11","153,64","124,23","139,47","123,2",751,735,0,1,10,0,2,0,3,0,"97,87",0,"0,13","1,33",0,"0,27",0,"0,4",0
2022,DF,Privada,6687,6292,6188,6180,"94,09","92,54","92,42","578,81","569,21","548,35","615,83","747,77","613,31","139,54","171,4","136,79","153,44","146,61",6292,6246,0,5,29,0,7,0,5,0,"99,27",0,"0,08","0,46",0,"0,11",0,"0,08",0
2022,ES,Estadual,14270,10800,10140,10116,"75,68","71,06","70,89","514,03","502,07","480,86","524,3","589,52","525,96","114,19","132,18","108,69","123,88","110,59",10800,10094,3,159,357,0,118,2,60,7,"93,46","0,03","1,47","3,31",0,"1,09","0,02","0,56","0,06"
2022,ES,Federal,2099,1984,1956,1949,"94,52","93,19","92,85","592,67","573,42","563,76","648,4","774,76","631,45","142,22","175,61","141,69","158,39","156,84",1984,1969,0,0,13,0,0,0,1,1,"99,24",0,0,"0,66",0,0,0,"0,05","0,05"
2022,ES,Municipal,23,14,13,13,"60,87","56,52","56,52","509,28","512,51","469,72","480,21","545,71","510,29","101,43","132,86","104,29","114,29","92,86",14,13,0,1,0,0,0,0,0,0,"92,86",0,"7,14",0,0,0,0,0,0
2022,ES,Privada,3606,3339,3281,3274,"92,6","90,99","90,79","579,82","560,74","544,58","630,89","785,47","621,71","142,4","175,78","144,3","161,35","161,63",3339,3296,1,12,21,0,4,0,5,0,"98,71","0,03","0,36","0,63",0,"0,12",0,"0,15",0
2022,GO,Estadual,37773,20749,19135,19024,"54,93","50,66","50,36","496,14","486,67","472,16","505,43","549,14","506,71","107,02","127,33","102,83","117,15","94,82",20749,18966,21,369,766,0,485,8,115,19,"91,41","0,1","1,78","3,69",0,"2,34","0,04","0,55","0,09"
2022,GO,Federal,1370,1252,1225,1224,"91,39","89,42","89,34","558,66","550,78","523,38","581,83","703,66","585,05","130,59","162,65","129,66","143,58","137,17",1252,1234,0,2,11,0,2,0,2,1,"98,56",0,"0,16","0,88",0,"0,16",0,"0,16","0,08"
2022,GO,Municipal,115,63,64,61,"54,78","55,65","53,04","506,01","487,1","480,82","499,84","583,49","513,51","111,75","135,24","109,52","123,81","103,17",63,60,0,0,1,0,1,0,1,0,"95,24",0,0,"1,59",0,"1,59",0,"1,59",0
2022,GO,Privada,8305,7718,7565,7554,"92,93","91,09","90,96","571,95","555,5","537,72","612,46","772,61","611,62","140,42","174,53","141,51","159,24","156,92",7718,7639,1,15,45,0,7,0,10,1,"98,98","0,01","0,19","0,58",0,"0,09",0,"0,13","0,01"
2022,MA,Estadual,21727,16107,15231,15170,"74,13","70,1","69,82","476,38","462,51","462,12","480,49","540,98","488,07","105,48","124,15","100,97","116,66","93,72",16107,14468,18,382,602,0,482,6,121,28,"89,82","0,11","2,37","3,74",0,"2,99","0,04","0,75","0,17"
2022,MA,Federal,2462,2225,2175,2173,"90,37","88,34","88,26","524,89","519,09","498,69","546,57","680,52","555,25","127,33","156,93","125,46","140,39","130,42",2225,2161,0,12,34,0,12,0,6,0,"97,12",0,"0,54","1,53",0,"0,54",0,"0,27",0
2022,MA,Municipal,135,89,85,84,"65,93","62,96","62,22","478,9","458,93","461,82","481,78","550,11","488,39","108,31","126,29","102,47","118,88","94,16",89,82,0,1,1,0,4,0,1,0,"92,13",0,"1,12","1,12",0,"4,49",0,"1,12",0
2022,MA,Privada,3355,3182,3135,3131,"94,84","93,44","93,32","555,18","537,92","518,53","587,39","761,96","593,53","137,86","172,78","140,6","158,62","152,09",3182,3123,0,17,25,0,13,0,4,0,"98,15",0,"0,53","0,79",0,"0,41",0,"0,13",0
2022,MG,Estadual,42958,31258,29413,29338,"72,76","68,47","68,29","518,09","508,9","486,53","534,48","583,82","530,01","114,23","133,79","108,27","122,7","104,83",31258,29329,30,417,949,0,359,9,152,13,"93,83","0,1","1,33","3,04",0,"1,15","0,03","0,49","0,04"
2022,MG,Federal,5743,5454,5382,5379,"94,97","93,71","93,66","583,88","572,3","553,28","640,1","762,17","623,23","140,3","173,54","138,62","154,77","154,94",5454,5386,0,10,35,0,11,0,11,1,"98,75",0,"0,18","0,64",0,"0,2",0,"0,2","0,02"
2022,MG,Municipal,687,517,492,492,"75,25","71,62","71,62","546,48",532,"511,38","570,92","623,98","559,55","122,17","142,94","116,05","129,32","113,5",517,497,0,3,12,0,4,0,1,0,"96,13",0,"0,58","2,32",0,"0,77",0,"0,19",0
2022,MG,Privada,19481,18618,18436,18413,"95,57","94,64","94,52","588,88","569,5","553,61","648,45","802,59","633,5","144,78","180,88","146,11","165,13","165,69",18618,18514,4,16,52,0,21,0,10,1,"99,44","0,02","0,09","0,28",0,"0,11",0,"0,05","0,01"
2022,MS,Estadual,9064,6342,5871,5834,"69,97","64,77","64,36","497,36","489,36","470,24","501,84","549,71","506,29","108,83","126,49","103,6","116,93","93,86",6342,5842,4,109,226,0,114,1,39,7,"92,12","0,06","1,72","3,56",0,"1,8","0,02","0,61","0,11"
2022,MS,Federal,1308,1124,1103,1099,"85,93","84,33","84,02","557,98","557,04","532,38","601,11","686,73","588,66","129,23","158,7","126,07","140,14","132,58",1124,1097,0,3,18,0,4,0,1,1,"97,6",0,"0,27","1,6",0,"0,36",0,"0,09","0,09"
2022,MS,Municipal,42,17,16,16,"40,48","38,1","38,1","467,55","483,53","447,21","468,38","537,65","488,33","102,35","128,24",100,120,"87,06",17,16,0,0,1,0,0,0,0,0,"94,12",0,0,"5,88",0,0,0,0,0
2022,MS,Privada,2691,2469,2429,2422,"91,75","90,26",90,"566,2","552,97","541,41","616,76","750,5","606,92","139,45","170,55","138,48","154,27","147,74",2469,2441,0,11,12,0,2,0,2,1,"98,87",0,"0,45","0,49",0,"0,08",0,"0,08","0,04"
2022,MT,Estadual,11787,8150,7484,7447,"69,14","63,49","63,18","491,71","481,75","469,17","496,18","527,31","498,62","104,05","121,13","98,66","112,66","90,8",8150,7278,8,174,450,0,162,3,70,5,"89,3","0,1","2,13","5,52",0,"1,99","0,04","0,86","0,06"
2022,MT,Federal,1623,1468,1431,1425,"90,45","88,17","87,8","539,06","533,01","512,62","567,53","678,49","568,64","126,63","157,08","123,83","138,75","132,19",1468,1432,0,2,23,0,5,1,5,0,"97,55",0,"0,14","1,57",0,"0,34","0,07","0,34",0
2022,MT,Municipal,63,35,31,31,"55,56","49,21","49,21","480,35","468,33","456,3","467,13","478,29","472,19",96,"112,57","91,43","106,29",72,35,32,0,2,0,0,0,0,0,1,"91,43",0,"5,71",0,0,0,0,0,"2,86"
2022,MT,Privada,3404,3194,3144,3137,"93,83","92,36","92,16","560,73","544,58","525,74","601,39","757,98","599,36","136,41","172,69","138,61","156,41","153,86",3194,3144,0,16,24,0,6,0,4,0,"98,43",0,"0,5","0,75",0,"0,19",0,"0,13",0
2022,PA,Estadual,24211,18009,16950,16907,"74,38","70,01","69,83","485,43","469,16","462,38","479,52","549,1","492,62","105,24","125,95","103,17","117,11","97,62",18009,16264,19,451,673,0,426,6,141,29,"90,31","0,11","2,5","3,74",0,"2,37","0,03","0,78","0,16"
2022,PA,Federal,1702,1545,1506,1504,"90,78","88,48","88,37","544,69","533,11","511,95","564,03","702,33","572,66","129,18","161,22","129,67","145,29","136,97",1545,1520,1,5,13,0,4,0,2,0,"98,38","0,06","0,32","0,84",0,"0,26",0,"0,13",0
2022,PA,Municipal,1740,1130,1043,1037,"64,94","59,94","59,6","476,05","456,71","458,03","469,81","532,48","483,14","101,84","122,39","100,57","114,34","93,35",1130,1018,0,28,41,0,33,1,7,2,"90,09",0,"2,48","3,63",0,"2,92","0,09","0,62","0,18"
2022,PA,Privada,7244,6878,6746,6740,"94,95","93,13","93,04","557,24","536,7","517,19","573,24","762,45","590,99","136,23","172,87","140,47","157,76","155,12",6878,6722,0,43,80,0,14,0,18,1,"97,73",0,"0,63","1,16",0,"0,2",0,"0,26","0,01"
2022,PB,Estadual,14944,10237,9764,9734,"68,5","65,34","65,14","489,59","479,41","468,63","490,59","561,17","501,38","106,32","129,38","103,34","118,8","103,34",10237,9229,7,230,465,0,201,5,92,8,"90,15","0,07","2,25","4,54",0,"1,96","0,05","0,9","0,08"
2022,PB,Federal,1698,1593,1568,1565,"93,82","92,34","92,17","550,6","540,29","513,89","582,07","731,17","584,61","134,27","167,28","133,71","150,52","145,39",1593,1570,0,3,14,0,4,0,2,0,"98,56",0,"0,19","0,88",0,"0,25",0,"0,13",0
2022,PB,Municipal,67,40,38,38,"59,7","56,72","56,72","485,09","478,32","484,17","484,69","504,5","494,68","102,5",118,"94,5","107,5",82,40,35,0,1,2,0,1,0,1,0,"87,5",0,"2,5",5,0,"2,5",0,"2,5",0
2022,PB,Privada,4774,4626,4588,4582,"96,9","96,1","95,98","565,79","547,41","528,53","600,19","774,13","604,05","138,77","175,46","140,67","160,37","158,85",4626,4552,3,24,33,0,11,1,2,0,"98,4","0,06","0,52","0,71",0,"0,24","0,02","0,04",0
2022,PE,Estadual,33010,23522,22179,22141,"71,26","67,19","67,07","496,7","490,03","477,58","515,22","561,62","512,38","107,45","129,7","103,89","118,79","101,79",23522,21063,22,531,1204,0,481,7,202,12,"89,55","0,09","2,26","5,12",0,"2,04","0,03","0,86","0,05"
2022,PE,Federal,1808,1647,1612,1609,"91,1","89,16","88,99","566,6","556,52","532,17","610,29","712,33","596,69","132,85","163,78","131,61","145,54","138,55",1647,1615,0,3,23,0,3,0,3,0,"98,06",0,"0,18","1,4",0,"0,18",0,"0,18",0
2022,PE,Municipal,66,33,32,32,50,"48,48","48,48","481,79","472,95","466,64","496,53","553,94","493,19","107,88","129,7","104,85","118,79","92,73",33,31,0,1,0,0,1,0,0,0,"93,94",0,"3,03",0,0,"3,03",0,0,0
2022,PE,Privada,8678,8383,8285,8278,"96,6","95,47","95,39","563,37","549,74","529,81","607,1","746,17","600,14","136,31","171,27","137,01","153,48","148,1",8383,8229,1,53,69,0,14,1,14,2,"98,16","0,01","0,63","0,82",0,"0,17","0,01","0,17","0,02"
2022,PI,Estadual,10699,8108,7768,7753,"75,78","72,6","72,46","479,72","465,69","460,32","485,93","547,84","490,67","105,23","126,06","102,18","117,94","96,43",8108,7326,3,302,243,0,191,0,37,6,"90,36","0,04","3,72",3,0,"2,36",0,"0,46","0,07"
2022,PI,Federal,1618,1542,1524,1523,"95,3","94,19","94,13","528,56","519,11","500,41","559,41","716,29","565,61","130,01","163,98","130,23","147,99","144,07",1542,1502,0,10,17,0,7,0,5,1,"97,41",0,"0,65","1,1",0,"0,45",0,"0,32","0,06"
2022,PI,Municipal,90,56,55,55,"62,22","61,11","61,11","456,53","442,89","456,41","473,78","502,5","466,4","99,29","116,79","91,79","108,57","86,07",56,49,0,5,0,0,2,0,0,0,"87,5",0,"8,93",0,0,"3,57",0,0,0
2022,PI,Privada,3889,3780,3765,3760,"97,2","96,81","96,68","574,21","555,05","540,76","625,12","809,08","621,03","144,06","182,49","149,47","167,92","165,15",3780,3743,0,17,9,0,3,0,7,1,"99,02",0,"0,45","0,24",0,"0,08",0,"0,19","0,03"
2022,PR,Estadual,34444,24566,22829,22769,"71,32","66,28","66,1","514,01","506,35","485,8","525,94","562,5","522,61","113,64","128,76","105,86","118,84","95,4",24566,23217,20,374,531,0,313,7,91,13,"94,51","0,08","1,52","2,16",0,"1,27","0,03","0,37","0,05"
2022,PR,Federal,1718,1529,1508,1505,89,"87,78","87,6","579,32","568,1","541,15","617,14","708,79","603,4","134,61","163,87","129,93","143,79","136,59",1529,1522,0,0,4,0,3,0,0,0,"99,54",0,0,"0,26",0,"0,2",0,0,0
2022,PR,Municipal,48,25,19,19,"52,08","39,58","39,58","514,95","477,6",486,"503,74","537,6","503,57",112,"116,8","105,6","117,6","85,6",25,24,0,0,0,0,1,0,0,0,96,0,0,0,0,4,0,0,0
2022,PR,Privada,14097,12565,12213,12198,"89,13","86,64","86,53","572,67","559,14","542,4","618,23","713,68","602,59","135,17","163,76","131,65","145,94","137,16",12565,12448,3,31,47,0,20,1,15,0,"99,07","0,02","0,25","0,37",0,"0,16","0,01","0,12",0
2022,RJ,Estadual,38033,25926,24105,24044,"68,17","63,38","63,22","508,76","504,63","475,17","506,82","552,74","513,82","111,03","126,93","102,77","117,15","94,87",25926,23874,25,332,961,0,538,8,169,19,"92,09","0,1","1,28","3,71",0,"2,08","0,03","0,65","0,07"
2022,RJ,Federal,4680,4261,4177,4168,"91,05","89,25","89,06","588,52","577,86","548,54","641,78","746,4","621,98","139,83","170,68","137,09","151,51","147,3",4261,4217,0,3,23,0,10,0,8,0,"98,97",0,"0,07","0,54",0,"0,23",0,"0,19",0
2022,RJ,Municipal,830,512,481,477,"61,69","57,95","57,47","521,89","514,12","488,23","526,41","581,13","530,74","114,84","132,3","107,97","122,23","103,79",512,479,0,4,15,0,10,0,2,2,"93,55",0,"0,78","2,93",0,"1,95",0,"0,39","0,39"
2022,RJ,Privada,24892,23655,23256,23223,"95,03","93,43","93,3","575,96","560,86","534,7","615,42","753,71","609,47","139,38","171,3","137,87","155,17","149,98",23655,23361,2,61,143,0,49,2,36,1,"98,76","0,01","0,26","0,6",0,"0,21","0,01","0,15",0
2022,RN,Estadual,9653,7496,7116,7097,"77,65","73,72","73,52","491,67","484,26","470,44","492,16","555,9","502,01","107,16","127,59","102,65","118,14","100,35",7496,6860,17,133,262,0,155,5,60,4,"91,52","0,23","1,77","3,5",0,"2,07","0,07","0,8","0,05"
2022,RN,Federal,2821,2656,2618,2612,"94,15","92,8","92,59","569,59","565,66","533,59","611,62","747,69","606,66","138,74","170,47","137,44","152,53","148,5",2656,2625,5,3,17,0,3,0,3,0,"98,83","0,19","0,11","0,64",0,"0,11",0,"0,11",0
2022,RN,Municipal,16,12,12,12,75,75,75,"517,82","492,24","486,61","509,36","551,67","511,54",110,"126,67",105,125,85,12,12,0,0,0,0,0,0,0,0,100,0,0,0,0,0,0,0,0
2022,RN,Privada,4211,4078,4006,4003,"96,84","95,13","95,06","565,35","550,48","532,36","602,49","767,3","604,89","138,2","173,64","139,96","158,87","156,63",4078,4023,0,24,22,0,6,0,3,0,"98,65",0,"0,59","0,54",0,"0,15",0,"0,07",0
2022,RO,Estadual,8030,5127,4728,4705,"63,85","58,88","58,59","492,74","481,11","469,13","496,11","554,78","503,87","106,31","126,22","103,58","117,89","100,77",5127,4669,5,151,176,0,96,1,24,5,"91,07","0,1","2,95","3,43",0,"1,87","0,02","0,47","0,1"
2022,RO,Federal,783,696,670,669,"88,89","85,57","85,44","530,01","526,09","500,09","555,88","675,46","560,04","124,6","155,49","124,28","137,24","133,85",696,669,0,4,17,0,1,0,4,1,"96,12",0,"0,57","2,44",0,"0,14",0,"0,57","0,14"
2022,RO,Municipal,19,6,5,5,"31,58","26,32","26,32","401,58","442,25","456,42","476,86","586,67","513,78","103,33","143,33","96,67","113,33",130,6,5,0,0,1,0,0,0,0,0,"83,33",0,0,"16,67",0,0,0,0,0
2022,RO,Privada,855,772,753,752,"90,29","88,07","87,95","553,56","538,54","517,55","587,97","727,56","586,11","133,7","166,68","133,34","149,66","144,17",772,761,0,3,4,0,3,0,1,0,"98,58",0,"0,39","0,52",0,"0,39",0,"0,13",0
2022,RR,Estadual,1697,1068,968,960,"62,93","57,04","56,57","498,97","491,47","478,76","503,3","527,88","506,88","105,97","121,33","100,96","112,13","87,49",1068,945,0,25,58,0,33,0,4,3,"88,48",0,"2,34","5,43",0,"3,09",0,"0,37","0,28"
2022,RR,Federal,261,208,199,199,"79,69","76,25","76,25","538,53","537,26","509,59","557,93","643,85","559,52","124,62","147,5","117,79","132,6","121,35",208,202,0,0,3,0,0,0,3,0,"97,12",0,0,"1,44",0,0,0,"1,44",0
2022,RR,Municipal,2,0,0,0,0,0,0,,,,,,,,,,,,0,0,0,0,0,0,0,0,0,0,,,,,,,,,
2022,RR,Privada,259,234,229,228,"90,35","88,42","88,03","553,98","547,76","518,66","572,82","691,62","579,73","130,68","162,14","124,79","142,05","131,97",234,226,0,0,6,0,1,0,1,0,"96,58",0,0,"2,56",0,"0,43",0,"0,43",0
2022,RS,Estadual,28580,21618,20030,19994,"75,64","70,08","69,96","517,59","514,45","486,21","531,16","588,39","531,9","117,38","132,88","109,61","123,55","104,96",21618,20416,17,157,689,0,218,8,103,10,"94,44","0,08","0,73","3,19",0,"1,01","0,04","0,48","0,05"
2022,RS,Federal,2929,2635,2596,2591,"89,96","88,63","88,46","578,43","569,76","542,3","624,99","727,28","609,68","137,14","165,74","133,53","147,75","143,13",2635,2599,0,2,24,0,5,0,4,1,"98,63",0,"0,08","0,91",0,"0,19",0,"0,15","0,04"
2022,RS,Municipal,455,322,302,301,"70,77","66,37","66,15","511,66","502,73","482,97","514,85","560,43","517,85","112,05","129,81","104,16","119,13","95,28",322,305,0,3,8,0,2,1,2,1,"94,72",0,"0,93","2,48",0,"0,62","0,31","0,62","0,31"
2022,RS,Privada,9878,9054,8797,8782,"91,66","89,06","88,9","577,9","567,4","541,01","626,18","753,32","614,96","140,32","170,47","137,22","153,34","151,97",9054,8952,2,19,58,0,10,1,10,2,"98,87","0,02","0,21","0,64",0,"0,11","0,01","0,11","0,02"
2022,SC,Estadual,20339,14560,13451,13433,"71,59","66,13","66,05","519,34","513,8","488,05","530,59",579,"529,79","116,26","132,65","108,2","121,47","100,41",14560,13816,6,90,420,0,137,2,84,5,"94,89","0,04","0,62","2,88",0,"0,94","0,01","0,58","0,03"
2022,SC,Federal,2485,2208,2160,2155,"88,85","86,92","86,72","572,62","563,48","540,4","616,59","701,07","599,93","132,79","160,19","129,04","141,66","137,39",2208,2176,0,2,24,0,2,0,3,1,"98,55",0,"0,09","1,09",0,"0,09",0,"0,14","0,05"
2022,SC,Municipal,87,51,47,47,"58,62","54,02","54,02","536,57","527,47","512,13","544,47","611,76","550,61","125,1","140,39","114,9","127,45","103,92",51,50,0,0,0,0,1,0,0,0,"98,04",0,0,0,0,"1,96",0,0,0
2022,SC,Privada,8405,7667,7437,7430,"91,22","88,48","88,4","578,41","563,33","548,51","631,69","736,79","613,58","137,35","168,67","134,51","150,31","145,95",7667,7569,1,21,57,0,12,0,7,0,"98,72","0,01","0,27","0,74",0,"0,16",0,"0,09",0
2022,SE,Estadual,7466,5518,5263,5237,"73,91","70,49","70,14","490,45","476,98","466,69","492,25","564,05","501,72","106,98","128,92","103,63","119,87","104,65",5518,4964,1,140,227,0,139,3,39,5,"89,96","0,02","2,54","4,11",0,"2,52","0,05","0,71","0,09"
2022,SE,Federal,450,432,431,430,96,"95,78","95,56","544,15","535,75","515,35","564,16","704,72","573,45","131,71","162,22","131,39","142,59","136,81",432,424,0,3,1,0,2,0,2,0,"98,15",0,"0,69","0,23",0,"0,46",0,"0,46",0
2022,SE,Municipal,6,4,4,4,"66,67","66,67","66,67","472,42","480,9","454,1","534,25",450,"478,34",120,85,70,125,50,4,4,0,0,0,0,0,0,0,0,100,0,0,0,0,0,0,0,0
2022,SE,Privada,2880,2765,2728,2725,"96,01","94,72","94,62","567,47","548,34","531,25","598,27","779,28","606,09","139,69","174,11","142,2","161,11","162,17",2765,2716,0,15,24,0,6,0,4,0,"98,23",0,"0,54","0,87",0,"0,22",0,"0,14",0
2022,SP,Estadual,115339,80698,75700,75506,"69,97","65,63","65,46","522,64","522,99","482,73","539,08","578,79","532,39","115,15","133,33","108,1","121,37","100,84",80698,76672,56,774,1941,0,861,19,329,46,"95,01","0,07","0,96","2,41",0,"1,07","0,02","0,41","0,06"
2022,SP,Federal,2072,1921,1885,1880,"92,71","90,97","90,73","566,49","562,95","526,14","609,84","718,65","598,28","135,62","164,51","131,25","145,78","141,49",1921,1907,0,1,9,0,1,0,3,0,"99,27",0,"0,05","0,47",0,"0,05",0,"0,16",0
2022,SP,Municipal,3893,2884,2738,2733,"74,08","70,33","70,2","529,89","530,2","493,71","555,33","601,16","544,51","118,54","138,46","111,99","125,14","107,03",2884,2772,1,30,43,0,23,1,13,1,"96,12","0,03","1,04","1,49",0,"0,8","0,03","0,45","0,03"
2022,SP,Privada,62991,58472,57243,57144,"92,83","90,87","90,72","572,98","561,49","541,36","618,78","725,67","605,16","135,89","165,89","133,23","148,39","142,27",58472,57987,12,83,237,0,92,2,56,3,"99,17","0,02","0,14","0,41",0,"0,16",0,"0,1","0,01"
2022,TO,Estadual,6167,4105,3820,3808,"66,56","61,94","61,75","483,15","472,4","464,01","494,1","544,42","495,36","106,54","124,95","102,7","117,3","92,95",4105,3785,5,112,106,0,78,2,16,1,"92,2","0,12","2,73","2,58",0,"1,9","0,05","0,39","0,02"
2022,TO,Federal,552,491,480,477,"88,95","86,96","86,41","546,38","532,56","515,57","569,7","688,27","572,17","128,76","160,9","127,29","140,12","131,2",491,482,0,0,6,0,1,1,1,0,"98,17",0,0,"1,22",0,"0,2","0,2","0,2",0
2022,TO,Municipal,11,6,6,6,"54,55","54,55","54,55","479,62","433,68","449,57","448,47",580,"478,27","113,33","143,33","103,33","123,33","96,67",6,6,0,0,0,0,0,0,0,0,100,0,0,0,0,0,0,0,0
2022,TO,Privada,896,815,798,796,"90,96","89,06","88,84","567,79","553,01","534,7","607,54",764,"607,07","139,14","173,52","140,83","157,72","152,79",815,801,0,6,6,0,2,0,0,0,"98,28",0,"0,74","0,74",0,"0,25",0,0,0
2023,AC,Estadual,3308,2359,2190,2183,"71,31","66,2","65,99","483,65","487,48","456,78","479,29","555,81","497,38","110,79","125,99","106,65","119,15","93,23",2359,2218,3,29,55,0,36,0,14,4,"94,02","0,13","1,23","2,33",0,"1,53",0,"0,59","0,17"
2023,AC,Federal,319,295,286,286,"92,48","89,66","89,66","520,32","518,61","489,33","523,88","668,88","546,93",128,"150,71","127,25","140,54","122,37",295,286,0,1,4,0,1,1,2,0,"96,95",0,"0,34","1,36",0,"0,34","0,34","0,68",0
2023,AC,Municipal,41,24,23,23,"58,54","56,1","56,1","461,11","479,24","433,16","454,61","459,17","457,63","96,67","102,5","91,67","99,17","69,17",24,21,0,2,0,0,0,0,1,0,"87,5",0,"8,33",0,0,0,0,"4,17",0
2023,AC,Privada,443,431,428,428,"97,29","96,61","96,61","570,58","558,51","537,11","606,62","802,13","616,08","144,36","176,15","152,02","165,75","163,85",431,426,0,1,4,0,0,0,0,0,"98,84",0,"0,23","0,93",0,0,0,0,0
2023,AL,Estadual,15126,9105,8573,8536,"60,19","56,68","56,43","470,12","469,11","450,9","464,87","514,96","478,14","102,8","117,8","97,95",111,"85,42",9105,8059,8,195,498,0,250,12,69,14,"88,51","0,09","2,14","5,47",0,"2,75","0,13","0,76","0,15"
2023,AL,Federal,2116,1919,1906,1896,"90,69","90,08","89,6","543,26","538,51","512,99","580,8","709,15","577,62",132,"160,93","134,12","146,62","135,49",1919,1875,0,1,31,0,4,0,7,1,"97,71",0,"0,05","1,62",0,"0,21",0,"0,36","0,05"
2023,AL,Municipal,21,7,7,7,"33,33","33,33","33,33","457,77","428,1","433,73","412,87","397,14","425,92","77,14",100,"68,57","94,29","57,14",7,6,0,0,0,0,0,0,1,0,"85,71",0,0,0,0,0,0,"14,29",0
2023,AL,Privada,3671,3563,3518,3513,"97,06","95,83","95,7","550,25","537,29","520,38","592,53","745,8","590,35","137,35","167,38","141,06","155,09","144,92",3563,3493,0,20,33,0,8,2,7,0,"98,04",0,"0,56","0,93",0,"0,22","0,06","0,2",0
2023,AM,Estadual,23066,12801,12134,11683,"55,5","52,61","50,65","471,65","476,23","450,74","461,89","497,81","476,94","104,74","112,75","97,46","108,16","74,71",12801,11350,8,417,563,0,314,16,104,29,"88,66","0,06","3,26","4,4",0,"2,45","0,12","0,81","0,23"
2023,AM,Federal,1256,1082,1056,1045,"86,15","84,08","83,2","527,94","524,85","498,38","542,77","649,85","550,8","129,5","146,23","125,06","136,49","112,57",1082,1058,0,6,12,0,2,0,4,0,"97,78",0,"0,55","1,11",0,"0,18",0,"0,37",0
2023,AM,Municipal,159,53,52,48,"33,33","32,7","30,19","454,24","450,92","441,23","431,16","470,94","453,24","103,02","107,17","95,09","102,64","63,02",53,48,0,1,2,0,2,0,0,0,"90,57",0,"1,89","3,77",0,"3,77",0,0,0
2023,AM,Privada,2076,1885,1875,1858,"90,8","90,32","89,5","566,19","555,32","535,75","602,8","723,67","598,15","137,84","159,93","139,69","151,18","135,03",1885,1845,0,12,20,0,2,0,6,0,"97,88",0,"0,64","1,06",0,"0,11",0,"0,32",0
2023,AP,Estadual,2966,2433,2285,2274,"82,03","77,04","76,67","482,42","482,04","457,72","465,86","559,19","493,15","110,58","126,38","107,37","119,65","95,21",2433,2220,1,44,111,0,38,0,17,2,"91,25","0,04","1,81","4,56",0,"1,56",0,"0,7","0,08"
2023,AP,Federal,597,577,571,570,"96,65","95,64","95,48","548,89","538,34","511,52","546,48","747,9","579,86","138,06","169,98","141,56","154,66","143,64",577,571,0,2,2,0,0,0,2,0,"98,96",0,"0,35","0,35",0,0,0,"0,35",0
2023,AP,Municipal,2,0,0,0,0,0,0,,,,,,,,,,,,0,0,0,0,0,0,0,0,0,0,,,,,,,,,
2023,AP,Privada,675,626,620,618,"92,74","91,85","91,56","552,31","544,03","519,22","571,2","740,7","586,12","136,45","166,45","140,64","153,67","143,48",626,609,0,2,8,0,3,0,3,1,"97,28",0,"0,32","1,28",0,"0,48",0,"0,48","0,16"
2023,BA,Estadual,27106,20499,19607,19531,"75,63","72,33","72,05","490,92","488,1","464,46","483,68","566,78","501,43","111,99","129,75","108,38","120,36","96,29",20499,19250,21,228,532,0,334,15,100,19,"93,91","0,1","1,11","2,6",0,"1,63","0,07","0,49","0,09"
2023,BA,Federal,3559,3275,3232,3225,"92,02","90,81","90,62","573,36","558,36","537,72","609,75","730,94","602,94","136,07","165,16","139,71","149,61","140,4",3275,3244,1,1,22,0,3,0,3,1,"99,05","0,03","0,03","0,67",0,"0,09",0,"0,09","0,03"
2023,BA,Municipal,249,154,146,143,"61,85","58,63","57,43","454,14","449,72","437,02","442,47","473,9","455,25","98,7","104,42","89,74","106,62","74,42",154,137,0,1,5,0,7,2,2,0,"88,96",0,"0,65","3,25",0,"4,55","1,3","1,3",0
2023,BA,Privada,12539,12178,12084,12058,"97,12","96,37","96,16","570,89","554,49","541,7","615,61","775,76","612,5","140,75","172,86","147,69","160,53","153,93",12178,12056,4,32,59,0,10,0,15,2,99,"0,03","0,26","0,48",0,"0,08",0,"0,12","0,02"
2023,Brasil,Estadual,671488,483549,459355,456911,"72,01","68,41","68,04","498,04","498,69","470,92","501,95","567,76","510,8","113,28","129,12","108,76","120,21","96,38",483549,450536,399,7067,15808,0,6462,272,2557,448,"93,17","0,08","1,46","3,27",0,"1,34","0,06","0,53","0,09"
2023,Brasil,Federal,48433,44779,44049,43946,"92,46","90,95","90,74","560,72","550,5","531,06","602,62","723,29",595,"135,43","162,35","137,48","148,87","139,16",44779,44071,8,79,454,0,58,4,98,7,"98,42","0,02","0,18","1,01",0,"0,13","0,01","0,22","0,02"
2023,Brasil,Municipal,8957,6177,5857,5832,"68,96","65,39","65,11","510,08","508,02","482,56","519,16","579,26","523,23","115,83","131,17","110,96",122,"99,29",6177,5851,5,48,148,0,89,4,29,3,"94,72","0,08","0,78","2,4",0,"1,44","0,06","0,47","0,05"
2023,Brasil,Privada,229628,218141,215124,214740,95,"93,68","93,52","574,39","560,32","549,37","632,33","761,93","616,68","140,83","169,14","145,13","157,44","149,38",218141,216171,30,489,995,0,191,14,232,19,"99,1","0,01","0,22","0,46",0,"0,09","0,01","0,11","0,01"
2023,CE,Estadual,89543,68457,66359,65780,"76,45","74,11","73,46","475,49","478,8","454,01","480,61","541,34","488,95","106,53","122,39","103,26","115,37","93,78",68457,60701,104,2038,3404,0,1569,54,494,93,"88,67","0,15","2,98","4,97",0,"2,29","0,08","0,72","0,14"
2023,CE,Federal,1381,1270,1251,1250,"91,96","90,59","90,51","553,81","549,24","524,44","605,74","733,78","594,37","137,18","164,05","139,61","150,63","142,31",1270,1242,0,3,18,0,3,0,4,0,"97,8",0,"0,24","1,42",0,"0,24",0,"0,31",0
2023,CE,Municipal,65,32,31,31,"49,23","47,69","47,69","503,48","492,85","482,81","491,79","518,12","501,93","103,12","117,5","103,12","111,88","82,5",32,30,0,0,2,0,0,0,0,0,"93,75",0,0,"6,25",0,0,0,0,0
2023,CE,Privada,7606,7335,7270,7258,"96,44","95,58","95,42","576,61","558,92","551,87","641,91","797,65","626,15","145,05","175,21","151,24","165,74","160,4",7335,7268,4,23,27,0,6,1,5,1,"99,09","0,05","0,31","0,37",0,"0,08","0,01","0,07","0,01"
2023,DF,Estadual,12399,10070,9598,9557,"81,22","77,41","77,08","514,43","515,7","482,47","510,5","588,4","525,33","118,04","134,09","112,98","123,45","99,85",10070,9619,3,58,293,0,65,2,22,8,"95,52","0,03","0,58","2,91",0,"0,65","0,02","0,22","0,08"
2023,DF,Federal,862,820,801,799,"95,13","92,92","92,69","563,15","554,82","542,58","610,04","689,27","594,2","132,78","154,37","131,12","142,83","128,17",820,808,0,1,7,0,3,0,1,0,"98,54",0,"0,12","0,85",0,"0,37",0,"0,12",0
2023,DF,Privada,6852,6556,6470,6463,"95,68","94,42","94,32","580,95","568,66","557,97","636,27","754,11","620,4","141,27","168,58","143,55","156,45","144,26",6556,6515,1,10,19,0,7,0,3,1,"99,37","0,02","0,15","0,29",0,"0,11",0,"0,05","0,02"
2023,ES,Estadual,14583,11133,10498,10464,"76,34","71,99","71,75","510,5","508,85","483,51","523,85","598,2","528,89","117,18","134,25","113,63","125,38","107,76",11133,10483,7,108,396,0,81,5,46,7,"94,16","0,06","0,97","3,56",0,"0,73","0,04","0,41","0,06"
2023,ES,Federal,2378,2266,2240,2238,"95,29","94,2","94,11","591,96","571,7","566,26","656,32","778,46","633,53","143,73","173,02","148,31","159,69","153,71",2266,2251,0,0,12,0,0,0,2,1,"99,34",0,0,"0,53",0,0,0,"0,09","0,04"
2023,ES,Municipal,21,13,11,11,"61,9","52,38","52,38","485,48","491,75","498,37","528,11","592,31","516,13","112,31",140,"113,85","126,15",100,13,12,0,0,1,0,0,0,0,0,"92,31",0,0,"7,69",0,0,0,0,0
2023,ES,Privada,3644,3437,3378,3371,"94,32","92,7","92,51","582,44","565,2","558,89","649,36","796,24","631,56","144,38","175,53","151,92","163,81","160,61",3437,3401,0,13,16,0,1,0,5,1,"98,95",0,"0,38","0,47",0,"0,03",0,"0,15","0,03"
2023,GO,Estadual,36147,20921,19483,19396,"57,88","53,9","53,66","496,15","495,98","472,85","502,83","573,82","512,89","113,39","130,55","109,98","122,23","97,67",20921,19588,24,250,633,0,293,15,104,14,"93,63","0,11","1,19","3,03",0,"1,4","0,07","0,5","0,07"
2023,GO,Federal,1251,1175,1162,1162,"93,92","92,89","92,89","553,19","545,45","527,11","581,78","710,2","584,32","132,03","161,55","134,55","145,62","136,44",1175,1157,0,1,12,0,2,0,3,0,"98,47",0,"0,09","1,02",0,"0,17",0,"0,26",0
2023,GO,Municipal,122,86,82,82,"70,49","67,21","67,21","504,56","489,72","473,89","497,06","612,33",517,"123,72","139,53","115,58","123,72","109,77",86,84,0,0,1,0,1,0,0,0,"97,67",0,0,"1,16",0,"1,16",0,0,0
2023,GO,Privada,8276,7778,7671,7656,"93,98","92,69","92,51","573,58","558,55","556,28","631,2","791,04","623,2","143,92","174,32","150,74","163,96","158,09",7778,7719,1,15,24,0,12,2,5,0,"99,24","0,01","0,19","0,31",0,"0,15","0,03","0,06",0
2023,MA,Estadual,26128,19270,18323,18237,"73,75","70,13","69,8","472,53","470,26","450,05","463,59","547,31","484,39","108,92","124,8","104,66","118,01","90,94",19270,17487,17,388,667,0,531,8,150,22,"90,75","0,09","2,01","3,46",0,"2,76","0,04","0,78","0,11"
2023,MA,Federal,2198,1992,1937,1934,"90,63","88,13","87,99","511,72","504,1","482,71","512,59","665,44","537,02","126,44","150,85","125,38","139,67","123,1",1992,1935,1,8,34,0,7,1,6,0,"97,14","0,05","0,4","1,71",0,"0,35","0,05","0,3",0
2023,MA,Municipal,81,46,45,45,"56,79","55,56","55,56","477,4","473,41","455,57","469,2","475,65","468,95","94,78","110,87",90,"105,65","74,35",46,41,0,0,3,0,1,0,1,0,"89,13",0,0,"6,52",0,"2,17",0,"2,17",0
2023,MA,Privada,3470,3329,3299,3289,"95,94","95,07","94,78","557,85","545,19","527,87","599,16","783,75","603,72","143,08","172,5","149,65","164,05","154,47",3329,3271,1,16,30,0,3,1,6,1,"98,26","0,03","0,48","0,9",0,"0,09","0,03","0,18","0,03"
2023,MG,Estadual,41231,30034,28428,28336,"72,84","68,95","68,72","516,68","512,81","487,88","530,06","595,78","532,08","118,54","134,99","114,06","125,05","103,14",30034,28589,23,300,766,0,220,13,105,18,"95,19","0,08",1,"2,55",0,"0,73","0,04","0,35","0,06"
2023,MG,Federal,5990,5732,5666,5659,"95,69","94,59","94,47","576,95","562,83","551,02","641,34","774,65","622,35","142,11","171,34","146,94","159,14","155,12",5732,5687,1,2,29,0,3,1,8,1,"99,21","0,02","0,03","0,51",0,"0,05","0,02","0,14","0,02"
2023,MG,Municipal,623,479,459,459,"76,89","73,68","73,68","535,43","534,33","511,74","563,6","628,56","558,14","123,51","140,54","119,54","130,27","114,7",479,459,0,3,12,0,4,0,1,0,"95,82",0,"0,63","2,51",0,"0,84",0,"0,21",0
2023,MG,Privada,19128,18544,18404,18383,"96,95","96,21","96,11","591,86","572,53","569,03","669,47","816,03","644,41","147,6","179,14","155,41","168,32","165,55",18544,18471,3,16,35,0,4,0,12,3,"99,61","0,02","0,09","0,19",0,"0,02",0,"0,06","0,02"
2023,MS,Estadual,7935,6012,5698,5669,"75,77","71,81","71,44","499,26","498,54","473,27","496,55","553,41","507,6","112,32","126,63","106,11","118,06","90,29",6012,5671,3,64,165,0,70,4,28,7,"94,33","0,05","1,06","2,74",0,"1,16","0,07","0,47","0,12"
2023,MS,Federal,1215,1060,1037,1032,"87,24","85,35","84,94","552,99","545,74","521,57","590,5","671,72","578,57","127,38","153,28","127,72","137,98","125,36",1060,1034,1,3,16,0,2,0,4,0,"97,55","0,09","0,28","1,51",0,"0,19",0,"0,38",0
2023,MS,Municipal,34,26,24,24,"76,47","70,59","70,59","466,68","465,67","446,96","464,72","486,92","471,34","100,77","104,62","93,85","108,46","79,23",26,24,0,1,1,0,0,0,0,0,"92,31",0,"3,85","3,85",0,0,0,0,0
2023,MS,Privada,2710,2563,2523,2509,"94,58","93,1","92,58","566,19","552,27","550,82","626,38","752,45","611,36","140,1","165,82","143,32","156,86","146,35",2563,2541,0,9,11,0,0,0,2,0,"99,14",0,"0,35","0,43",0,0,0,"0,08",0
2023,MT,Estadual,11733,8224,7719,7675,"70,09","65,79","65,41","493,36","492,7","468,77","487,87","541,26","500,9","109,13","124,15","103,63","115,2","89,15",8224,7583,5,128,353,0,91,5,54,5,"92,21","0,06","1,56","4,29",0,"1,11","0,06","0,66","0,06"
2023,MT,Federal,1646,1475,1447,1439,"89,61","87,91","87,42","531,47","524,94","500,21","543,92","664,19","554,6","126,77","151,78","125,6","136,65","123,39",1475,1442,0,5,21,0,4,0,3,0,"97,76",0,"0,34","1,42",0,"0,27",0,"0,2",0
2023,MT,Municipal,50,24,19,19,48,38,38,"461,11","451,8","415,87","424,84","428,33","444,05","94,17","98,33","81,67","94,17",60,24,20,0,0,1,0,3,0,0,0,"83,33",0,0,"4,17",0,"12,5",0,0,0
2023,MT,Privada,3363,3192,3154,3146,"94,92","93,79","93,55","567,31","549,87","542,35","619,75","780,9","612,9","142,08","173,65","148,16","162,88","154,13",3192,3154,0,10,22,0,1,0,5,0,"98,81",0,"0,31","0,69",0,"0,03",0,"0,16",0
2023,PA,Estadual,24025,18841,18033,17968,"78,42","75,06","74,79","481,88","478,55","457,21","469,97","565,42","493,43","111,13","128,38","108,55","121,05","96,31",18841,17434,7,340,621,0,294,9,108,28,"92,53","0,04","1,8","3,3",0,"1,56","0,05","0,57","0,15"
2023,PA,Federal,1785,1666,1643,1640,"93,33","92,04","91,88","552,94","538,92","518,36","571,31","726,27","582,72","134,21","162,53","137,86","150,32","141,33",1666,1637,0,6,14,0,4,0,4,1,"98,26",0,"0,36","0,84",0,"0,24",0,"0,24","0,06"
2023,PA,Municipal,1783,1248,1185,1178,"69,99","66,46","66,07","467,4","464,56","447,76","452,03","531,76","475,64","106,09","122,2","102,64","114,58","86,25",1248,1149,2,18,35,0,36,2,5,1,"92,07","0,16","1,44","2,8",0,"2,88","0,16","0,4","0,08"
2023,PA,Privada,7619,7285,7192,7185,"95,62","94,4","94,3","559,31","542,24","529,41","583,79","782,3","600,88","141,22","172,79","149,69","163,2","155,42",7285,7163,0,37,59,0,9,0,16,1,"98,33",0,"0,51","0,81",0,"0,12",0,"0,22","0,01"
2023,PB,Estadual,18411,12254,11851,11803,"66,56","64,37","64,11","482,82","483,89","460,09","477,01","568,71","497,29","109,46","128,89","107,41","120,84","102,11",12254,11138,5,269,570,0,160,8,97,7,"90,89","0,04","2,2","4,65",0,"1,31","0,07","0,79","0,06"
2023,PB,Federal,1635,1566,1550,1545,"95,78","94,8","94,5","548,36","538,83","518,97","584,35","749,89","589,12","137,6","168,05","142,01","155,07","147,16",1566,1547,0,3,14,0,0,0,2,0,"98,79",0,"0,19","0,89",0,0,0,"0,13",0
2023,PB,Municipal,38,22,20,20,"57,89","52,63","52,63",444,"443,92","434,54","422,68","405,45","431,55","93,64","86,36","76,36","90,91","58,18",22,18,0,1,1,0,0,0,2,0,"81,82",0,"4,55","4,55",0,0,0,"9,09",0
2023,PB,Privada,4786,4691,4661,4657,"98,02","97,39","97,3","568,39","551,74","540,18","617,15","792,58","614,63","143,18","174,64","150,69","165,04","159,03",4691,4637,1,18,23,0,5,1,6,0,"98,85","0,02","0,38","0,49",0,"0,11","0,02","0,13",0
2023,PE,Estadual,34520,25899,24939,24858,"75,03","72,25","72,01","492,85","494,2","470,72","507,42","587,79","513,82","113,96","133,78","111,99","124,74","103,33",25899,23899,18,393,1064,0,315,11,177,22,"92,28","0,07","1,52","4,11",0,"1,22","0,04","0,68","0,08"
2023,PE,Federal,1523,1397,1375,1371,"91,73","90,28","90,02","563,9","552,17","538,46","618,04","722,85","600,19","134,49","163,09","138,34","148,69","138,24",1397,1370,0,3,19,0,0,0,5,0,"98,07",0,"0,21","1,36",0,0,0,"0,36",0
2023,PE,Municipal,61,36,34,34,"59,02","55,74","55,74","465,65","459,58","421,55","454,16","476,67","453,51","98,89","106,11","91,11","107,22","73,33",36,30,0,3,1,0,1,0,1,0,"83,33",0,"8,33","2,78",0,"2,78",0,"2,78",0
2023,PE,Privada,8777,8468,8402,8389,"96,48","95,73","95,58","565,28","553,45","538,74","622,04","764,23","609,43","139,84","170,58","145,64","158,07","150,11",8468,8355,0,26,62,0,10,0,14,1,"98,67",0,"0,31","0,73",0,"0,12",0,"0,17","0,01"
2023,PI,Estadual,12878,9671,9302,9274,"75,1","72,23","72,01","469,79","472,38","451,36","469,81","551,72","485,8","108,52","125,96","105,66","118,5","93,07",9671,8805,13,275,287,0,218,4,58,11,"91,05","0,13","2,84","2,97",0,"2,25","0,04","0,6","0,11"
2023,PI,Federal,1597,1530,1512,1511,"95,8","94,68","94,61","523,58","516,62","496,01","548,98","715,65","561,37","131,95","160,9","135,82","148,76","138,22",1530,1484,1,13,24,0,2,0,5,1,"96,99","0,07","0,85","1,57",0,"0,13",0,"0,33","0,07"
2023,PI,Municipal,88,56,53,53,"63,64","60,23","60,23","458,19","453,82","440,15","471,45","502,14","466,99","94,64","121,07","99,64","106,79",80,56,47,0,2,4,0,3,0,0,0,"83,93",0,"3,57","7,14",0,"5,36",0,0,0
2023,PI,Privada,3830,3745,3730,3727,"97,78","97,39","97,31","574,39","562,38","553,18","633,03","825,87","630,12","148,05","181,39","159,02","172,04","165,37",3745,3711,1,14,16,0,1,0,2,0,"99,09","0,03","0,37","0,43",0,"0,03",0,"0,05",0
2023,PR,Estadual,38941,28137,26408,26311,"72,26","67,82","67,57","511,53","513,61","482,46","518,62","556,57","519,89","114,92","127,22","107,58","117,63","89,21",28137,26880,29,262,599,0,228,17,95,27,"95,53","0,1","0,93","2,13",0,"0,81","0,06","0,34","0,1"
2023,PR,Federal,1432,1304,1278,1277,"91,06","89,25","89,18","580,34","566,57","547,64","627,02","702,13","606,02","134,1","159,31","133,48","143,13","132,12",1304,1289,0,0,11,0,3,0,1,0,"98,85",0,0,"0,84",0,"0,23",0,"0,08",0
2023,PR,Municipal,71,39,36,36,"54,93","50,7","50,7","508,73","500,18","471,75","491,86","546,67","506,16","108,21","123,08","105,13","115,38","94,87",39,38,0,1,0,0,0,0,0,0,"97,44",0,"2,56",0,0,0,0,0,0
2023,PR,Privada,13782,12595,12352,12328,"91,39","89,62","89,45","573,6","561,22","554,3","634,3","720,64","610,02","137,54","161,29","137,69","148,59","135,53",12595,12504,2,24,47,0,9,0,9,0,"99,28","0,02","0,19","0,37",0,"0,07",0,"0,07",0
2023,RJ,Estadual,34773,24260,22734,22658,"69,77","65,38","65,16","506,69","506,44","474,92","502,36","566,2","515,16","114,96","129,52","108,86","119,33","93,54",24260,22752,16,223,803,0,304,14,128,20,"93,78","0,07","0,92","3,31",0,"1,25","0,06","0,53","0,08"
2023,RJ,Federal,3491,3129,3052,3045,"89,63","87,42","87,22","576,1","564,31","543,73","628,33","730,9","610,79","137,75","163,53","138,93","149,73","140,97",3129,3091,1,1,26,0,4,1,5,0,"98,79","0,03","0,03","0,83",0,"0,13","0,03","0,16",0
2023,RJ,Municipal,636,365,339,338,"57,39","53,3","53,14","502,54","503,63","479,1","504,18","541,48","508,49","109,86","125,15","104,11","114,74","87,62",365,334,1,4,15,0,7,0,4,0,"91,51","0,27","1,1","4,11",0,"1,92",0,"1,1",0
2023,RJ,Privada,24942,23725,23401,23365,"95,12","93,82","93,68","576,69","560,36","545,49","630,81","762,13","616,29","141,34","169,02","145,31","157,97","148,49",23725,23495,5,45,120,0,20,3,36,1,"99,03","0,02","0,19","0,51",0,"0,08","0,01","0,15",0
2023,RN,Estadual,9320,7600,7340,7316,"81,55","78,76","78,5","494,73","493,9","467,16","486,65","578,64","506,74","112,66","132,12",110,"122,62","101,25",7600,7153,8,76,225,0,89,6,36,7,"94,12","0,11",1,"2,96",0,"1,17","0,08","0,47","0,09"
2023,RN,Federal,2956,2809,2784,2777,"95,03","94,18","93,94","572,84","565,5","539,33","624,5","752,94",612,"140,26","168,41","143,74","155,36","145,17",2809,2785,2,2,14,0,2,0,4,0,"99,15","0,07","0,07","0,5",0,"0,07",0,"0,14",0
2023,RN,Municipal,23,16,16,16,"69,57","69,57","69,57","500,22","509,03","446,52","483,66","446,25","477,14","96,25","102,5","81,25","93,75","72,5",16,14,1,0,1,0,0,0,0,0,"87,5","6,25",0,"6,25",0,0,0,0,0
2023,RN,Privada,4477,4348,4317,4311,"97,12","96,43","96,29","572,16","556,58","542,46","620,78","789,2","616,75","142,29","174,59","150,17","163,81","158,33",4348,4302,1,10,29,0,4,0,2,0,"98,94","0,02","0,23","0,67",0,"0,09",0,"0,05",0
2023,RO,Estadual,8429,5748,5444,5422,"68,19","64,59","64,33","486,78","484,91","464,94","486,24","567,04","501,87","110,79","127,06","107,47","120,08","101,65",5748,5271,4,115,228,0,75,2,47,6,"91,7","0,07",2,"3,97",0,"1,3","0,03","0,82","0,1"
2023,RO,Federal,911,844,825,821,"92,65","90,56","90,12","539,33","533,45","507,45","554,65","689,74","567,29","130,57","154,86","131,92","142,46","129,93",844,817,0,6,19,0,0,0,2,0,"96,8",0,"0,71","2,25",0,0,0,"0,24",0
2023,RO,Municipal,16,9,8,8,"56,25",50,50,"481,32","468,39","474,02","541,29","515,56","504,52","111,11","111,11","102,22","106,67","84,44",9,9,0,0,0,0,0,0,0,0,100,0,0,0,0,0,0,0,0
2023,RO,Privada,853,805,792,790,"94,37","92,85","92,61","550,69","540,33","527,69","594,48","729,04","589,79","135,78","162,36","138,78","151,9","140,22",805,790,0,6,4,0,3,0,1,1,"98,14",0,"0,75","0,5",0,"0,37",0,"0,12","0,12"
2023,RR,Estadual,1641,1133,1045,1036,"69,04","63,68","63,13","504,23","505,56","475,4","505,08","557,39","515,32","113,79",126,"107,08","120,21","90,31",1133,1048,0,19,43,0,20,1,1,1,"92,5",0,"1,68","3,8",0,"1,77","0,09","0,09","0,09"
2023,RR,Federal,324,287,269,269,"88,58","83,02","83,02","530,42","526,32","507,32","550,83","621,05","550,84","123,21","139,93","118,05","129,9","109,97",287,274,0,2,10,0,1,0,0,0,"95,47",0,"0,7","3,48",0,"0,35",0,0,0
2023,RR,Municipal,2,1,2,1,50,100,50,"504,8","502,8","450,85","531,4",660,"525,94",140,200,120,120,80,1,1,0,0,0,0,0,0,0,0,100,0,0,0,0,0,0,0,0
2023,RR,Privada,310,289,284,281,"93,23","91,61","90,65","554,35","546,17","533,27","579,51","692,04","584,56","132,32","154,26","131,83","144,64",129,289,281,0,0,7,0,1,0,0,0,"97,23",0,0,"2,42",0,"0,35",0,0,0
2023,RS,Estadual,26598,21494,20085,20059,"80,81","75,51","75,42","520,71",522,"488,91","535,71",600,"537,68","120,36","135,35","115,21","125,67","103,41",21494,20530,11,99,635,0,115,9,83,12,"95,52","0,05","0,46","2,95",0,"0,54","0,04","0,39","0,06"
2023,RS,Federal,2550,2361,2321,2317,"92,59","91,02","90,86","580,29","570,85","552,39","640,69","721,47","614,44","136,14","160,52","137,31","147,37","140,14",2361,2336,0,0,18,0,2,0,5,0,"98,94",0,0,"0,76",0,"0,08",0,"0,21",0
2023,RS,Municipal,356,270,250,250,"75,84","70,22","70,22","514,09","511,82","490,71","529,72","571,78","530,77","113,93","126,07","108,44","121,48","101,85",270,248,0,2,11,0,6,0,3,0,"91,85",0,"0,74","4,07",0,"2,22",0,"1,11",0
2023,RS,Privada,10196,9623,9458,9447,"94,38","92,76","92,65","580,59","570,81","550,87","642,34","763,23","622,75","141,81","169,33","144,97","156,2","150,92",9623,9522,3,15,63,0,4,1,15,0,"98,95","0,03","0,16","0,65",0,"0,04","0,01","0,16",0
2023,SC,Estadual,20465,14865,13873,13825,"72,64","67,79","67,55","521,72","517,38","484,79","523,83","587,65","530,59","119,09","133,77","112,79","122,78","99,23",14865,14241,7,56,412,0,79,5,54,11,"95,8","0,05","0,38","2,77",0,"0,53","0,03","0,36","0,07"
2023,SC,Federal,2336,2040,2006,1999,"87,33","85,87","85,57","564,22","554,92","536,84","608,93","695,7","593,54","132,9","157,05","132,03","142,16","131,56",2040,2006,0,2,23,0,2,0,6,1,"98,33",0,"0,1","1,13",0,"0,1",0,"0,29","0,05"
2023,SC,Municipal,124,85,83,82,"68,55","66,94","66,13","541,92","535,68","504,88","552,74","629,18","554,72","124,71",144,"119,06","127,29","114,12",85,84,1,0,0,0,0,0,0,0,"98,82","1,18",0,0,0,0,0,0,0
2023,SC,Privada,8555,7923,7762,7752,"92,61","90,73","90,61","582,7","569,58","561,11","651,88","745,8","623,36","139,79","166,06","141,95","153,6","144,39",7923,7843,1,13,57,0,3,0,5,1,"98,99","0,01","0,16","0,72",0,"0,04",0,"0,06","0,01"
2023,SE,Estadual,7189,5686,5516,5495,"79,09","76,73","76,44","483,43","482,06","463,72","480,79","598,24","504,27","114,3","135,99","112,69","126,7","108,56",5686,5281,1,92,197,0,78,3,32,2,"92,88","0,02","1,62","3,46",0,"1,37","0,05","0,56","0,04"
2023,SE,Federal,392,374,364,364,"95,41","92,86","92,86","533,01","526,67","506,35","554,04","679,3","562,34","127,91","155,19","128,34","138,66","129,2",374,365,0,0,8,0,0,0,1,0,"97,59",0,0,"2,14",0,0,0,"0,27",0
2023,SE,Municipal,8,6,6,6,75,75,75,"407,42","401,02","433,83","409,02","383,33","406,92",70,90,"73,33","83,33","66,67",6,5,0,0,0,0,0,0,0,1,"83,33",0,0,0,0,0,0,0,"16,67"
2023,SE,Privada,2688,2611,2591,2590,"97,14","96,39","96,35","569,34","555,82","538,88","611,25","792,95","614,46","142,89","174,84","150,14","164,63","160,44",2611,2580,0,14,10,0,2,0,4,1,"98,81",0,"0,54","0,38",0,"0,08",0,"0,15","0,04"
2023,SP,Estadual,117327,82778,78333,78020,"70,55","66,76","66,5","519,45","522,55","485,04","533,03","584,42","531,76","118,2","133,37","112,36","122,3","98,19",82778,79761,49,517,1538,0,513,32,319,49,"96,36","0,06","0,62","1,86",0,"0,62","0,04","0,39","0,06"
2023,SP,Federal,2096,1958,1919,1917,"93,42","91,56","91,46","573,98","565,21","539,73","629,03","722,89","607,28","136,63","161,4","137,42","147,72","139,72",1958,1923,0,1,26,0,1,0,7,0,"98,21",0,"0,05","1,33",0,"0,05",0,"0,36",0
2023,SP,Municipal,4268,3075,2923,2915,"72,05","68,49","68,3","531,42","529,93","498,36","551,23","612,1","547,95","122,15","138,11","117,07","127,53","107,26",3075,2987,0,9,52,0,18,0,8,1,"97,14",0,"0,29","1,69",0,"0,59",0,"0,26","0,03"
2023,SP,Privada,63376,59715,58604,58487,"94,22","92,47","92,29","573,54","561,83","550,68","635,89","731,79","611,77","137,55","163,36","139,31","150,33","141,24",59715,59327,2,86,184,0,63,3,47,3,"99,35",0,"0,14","0,31",0,"0,11","0,01","0,08","0,01"
2023,TO,Estadual,5700,3865,3557,3545,"67,81","62,4","62,19","476,63","477,84","456,96","475,8","528,81","488,41","106,81","120,75","101,44","114,24","85,57",3865,3525,4,84,150,0,82,2,15,3,"91,2","0,1","2,17","3,88",0,"2,12","0,05","0,39","0,08"
2023,TO,Federal,637,576,559,558,"90,42","87,76","87,6","528,87","528,03","507,76","551,92","675,62","559,64","127,36","154,34","127,95","139,27","126,7",576,557,0,6,8,0,3,0,2,0,"96,7",0,"1,04","1,39",0,"0,52",0,"0,35",0
2023,TO,Municipal,15,5,3,3,"33,33",20,20,"401,24","415,26","406,37",404,372,"386,81",96,88,84,88,16,5,5,0,0,0,0,0,0,0,0,100,0,0,0,0,0,0,0,0
2023,TO,Privada,984,901,884,881,"91,57","89,84","89,53","570,8","558,79","549,68","622,67","779,31","618,41","142,24","171,72","148,75","161,93","154,67",901,892,0,2,6,0,0,0,1,0,99,0,"0,22","0,67",0,0,0,"0,11",0
2024,AC,Estadual,7291,5467,5128,5112,"74,98","70,33","70,11","467,31","489,38","457,78","471,53","566,36","494,33","108,72","133,43","105,9","119,09","99,23",5467,5129,5,69,133,0,82,4,34,11,"93,82","0,09","1,26","2,43",0,"1,5","0,07","0,62","0,2"
2024,AC,Federal,493,470,460,460,"95,33","93,31","93,31","501,69","520,79","489,51","511,01","668,6","540,78","123,96","153,15","124,77","138,77","127,96",470,455,0,4,8,0,1,1,1,0,"96,81",0,"0,85","1,7",0,"0,21","0,21","0,21",0
2024,AC,Privada,553,529,523,523,"95,66","94,58","94,58","550,3","551,78","534,32","587,63","764,01","599,09","137,92","168,66","142,95","159,96","154,52",529,516,0,2,9,0,2,0,0,0,"97,54",0,"0,38","1,7",0,"0,38",0,0,0
2024,AL,Estadual,26529,20734,19998,19887,"78,16","75,38","74,96","444,72","470,41","446,7",466,"501,07","468,21","97,01","119,51","94,07","105,53","84,96",20734,17480,28,425,1964,0,503,36,250,48,"84,31","0,14","2,05","9,47",0,"2,43","0,17","1,21","0,23"
2024,AL,Federal,2093,1950,1920,1917,"93,17","91,73","91,59","518,7","534,15","500,9","547,52","705,63","562,18","130,05","161,43","132,19","145,42","136,54",1950,1902,3,2,32,0,4,0,7,0,"97,54","0,15","0,1","1,64",0,"0,21",0,"0,36",0
2024,AL,Privada,4066,3934,3889,3884,"96,75","95,65","95,52","542,97","544,87","520,04","580,17","755,33","589,81","136,85","169,19","140,78","156,39","152,11",3934,3874,0,15,32,0,5,0,7,1,"98,47",0,"0,38","0,81",0,"0,13",0,"0,18","0,03"
2024,AM,Estadual,39945,24559,22400,22118,"61,48","56,08","55,37","453,94","478,09","451,78","458,64","494,05","472,71","101,11","117,89","95,04","104,85","75,17",24559,21451,28,509,1417,0,688,56,323,87,"87,34","0,11","2,07","5,77",0,"2,8","0,23","1,32","0,35"
2024,AM,Federal,1642,1478,1440,1432,"90,01","87,7","87,21","509,8","527,14","497,1","523,64","663,03","546,02","127,82","151,73","125,9","137,48","120,09",1478,1437,0,3,24,0,5,0,8,1,"97,23",0,"0,2","1,62",0,"0,34",0,"0,54","0,07"
2024,AM,Municipal,2,0,0,0,0,0,0,,,,,,,,,,,,0,0,0,0,0,0,0,0,0,0,,,,,,,,,
2024,AM,Privada,2280,2110,2065,2056,"92,54","90,57","90,18","561,64","558,7","537,63","587,64","727,29","596,86","137,25","162,65","139,32","152,06","136,01",2110,2061,0,6,27,0,7,1,6,2,"97,68",0,"0,28","1,28",0,"0,33","0,05","0,28","0,09"
2024,AP,Estadual,6631,5565,5250,5233,"83,92","79,17","78,92","462,23","484,48","456,06","459,89","559,95","488,78","107,12","131,46","105,44","117,44","98,49",5565,4986,8,64,324,0,103,5,65,10,"89,6","0,14","1,15","5,82",0,"1,85","0,09","1,17","0,18"
2024,AP,Federal,366,353,349,349,"96,45","95,36","95,36","518,85","535,74","503,78","523,79","717,79","560,8","130,14","164,59","133,99","146,97","142,1",353,343,0,2,4,0,4,0,0,0,"97,17",0,"0,57","1,13",0,"1,13",0,0,0
2024,AP,Privada,874,787,769,767,"90,05","87,99","87,76","543,59","544,05","522,54","557,88","747,93","586,05","135,76","166,02","140,05","155,98","150,11",787,763,0,2,7,0,8,2,3,2,"96,95",0,"0,25","0,89",0,"1,02","0,25","0,38","0,25"
2024,BA,Estadual,113558,79790,75715,75270,"70,26","66,68","66,28","459,12","482,78","451,85","466,88","531,21","481,68","102,47","127,18","100,39","110,37","90,8",79790,70937,120,949,4349,0,2393,161,669,212,"88,9","0,15","1,19","5,45",0,3,"0,2","0,84","0,27"
2024,BA,Federal,4653,4345,4294,4284,"93,38","92,28","92,07","549,62","552,15","529,36","573,34","736,59","588,96","134,14","167,38","138,65","150,32","146,11",4345,4285,1,3,46,0,3,0,4,3,"98,62","0,02","0,07","1,06",0,"0,07",0,"0,09","0,07"
2024,BA,Municipal,233,190,180,180,"81,55","77,25","77,25","448,49","475,74","442,03","455,7","547,58","476,83","105,47","130,74","103,37","115,26","92,74",190,176,0,2,5,0,6,0,0,1,"92,63",0,"1,05","2,63",0,"3,16",0,0,"0,53"
2024,BA,Privada,14486,13876,13700,13680,"95,79","94,57","94,44","561,07","555,59","534,93","595,66","773,04","605,23","139,37","172,1","145,04","159,77","156,76",13876,13726,2,26,72,0,24,3,14,9,"98,92","0,01","0,19","0,52",0,"0,17","0,02","0,1","0,06"
2024,Brasil,Estadual,1225979,928704,882396,878819,"75,75","71,97","71,68","479,22","501,35","466,11","489,59","573,82","505,17","110,98","135,29",108,"118,93","100,61",928704,856660,871,9339,38329,0,14456,1078,6397,1574,"92,24","0,09","1,01","4,13",0,"1,56","0,12","0,69","0,17"
2024,Brasil,Federal,68036,64141,62966,62800,"94,28","92,55","92,3","543,56","550,43","528,24","579,32","720,89","585,89","133,05","163,2","135,08","147,39","142,18",64141,62742,11,73,983,0,126,8,172,26,"97,82","0,02","0,11","1,53",0,"0,2","0,01","0,27","0,04"
2024,Brasil,Municipal,8791,7038,6742,6723,"80,06","76,69","76,48","518,73","533,36","497,02","531,42","629,98","544,92","121,35","146,87","118,04","128,41","115,32",7038,6803,6,25,120,0,47,4,26,7,"96,66","0,09","0,36","1,71",0,"0,67","0,06","0,37","0,1"
2024,Brasil,Privada,262991,249335,245482,245090,"94,81","93,34","93,19","569,45","564,58","549,04","616,22","765,67","614,14","139,92","170,23","143,79","157,79","153,95",249335,247028,32,324,1236,0,303,29,319,64,"99,07","0,01","0,13","0,5",0,"0,12","0,01","0,13","0,03"
2024,CE,Estadual,97553,80491,78201,77753,"82,51","80,16","79,7","469,55","490,73","460,11","493,7","561,46","497,64","106,7","130,36","104,81","117,32","102,27",80491,70801,147,1514,5169,0,1796,149,774,141,"87,96","0,18","1,88","6,42",0,"2,23","0,19","0,96","0,18"
2024,CE,Federal,1794,1715,1697,1694,"95,6","94,59","94,43","534,19","542,99","520,6","574,98","709,31","577,22",131,"159,78","132,96","145,28","140,29",1715,1657,0,4,45,0,2,0,5,2,"96,62",0,"0,23","2,62",0,"0,12",0,"0,29","0,12"
2024,CE,Municipal,55,23,20,20,"41,82","36,36","36,36","493,97","512,25","463,5","470,4","444,35","492,19","89,57","106,96","86,09","91,3","70,43",23,19,0,1,0,0,0,0,3,0,"82,61",0,"4,35",0,0,0,0,"13,04",0
2024,CE,Privada,8259,7921,7836,7826,"95,91","94,88","94,76","574,26","561,58","549,83","625,21","801,75","623,4","144,74","174,95","150,1","166,68","165,28",7921,7870,1,11,27,0,4,0,6,2,"99,36","0,01","0,14","0,34",0,"0,05",0,"0,08","0,03"
2024,DF,Estadual,16094,13742,13076,13039,"85,39","81,25","81,02","496,42","520,63","478,8","495,27","600,53","521,55","116,2","140,88","113,27","123,55","106,62",13742,13010,4,48,500,0,102,2,65,11,"94,67","0,03","0,35","3,64",0,"0,74","0,01","0,47","0,08"
2024,DF,Federal,945,894,881,879,"94,6","93,23","93,02","554,12","559,64","542,68","591,42","717,67","594,56","133,94","162,68","133,04","147,18","140,83",894,889,0,0,4,0,0,0,1,0,"99,44",0,0,"0,45",0,0,0,"0,11",0
2024,DF,Privada,6770,6473,6350,6344,"95,61","93,8","93,71","580,2","575,19","562,92","626,63","768,73","623,77","141,47","171,57","144,08","159,09","152,5",6473,6432,0,5,27,0,5,2,2,0,"99,37",0,"0,08","0,42",0,"0,08","0,03","0,03",0
2024,ES,Estadual,22440,17912,16848,16815,"79,82","75,08","74,93","493,46","512,99","476,89","505,87","604,84","522,78","114,91","139,45","112,86","124,47","113,15",17912,16591,13,89,885,0,177,9,132,16,"92,63","0,07","0,5","4,94",0,"0,99","0,05","0,74","0,09"
2024,ES,Federal,3285,3155,3129,3120,"96,04","95,25","94,98","579,34","570,63","564,52","630,72","774,47","624,54","141,62","172,25","145,36","158,15","157,09",3155,3115,0,0,29,0,5,0,5,1,"98,73",0,0,"0,92",0,"0,16",0,"0,16","0,03"
2024,ES,Municipal,3,2,2,2,"66,67","66,67","66,67","528,15","500,45","413,9","507,95",670,"524,09",130,160,130,150,100,2,2,0,0,0,0,0,0,0,0,100,0,0,0,0,0,0,0,0
2024,ES,Privada,3905,3649,3587,3581,"93,44","91,86","91,7","574,99","566,35","558,54","627,29","788,98","624,57","142,73","173,67","148,51","162,92","161,15",3649,3616,0,5,20,0,3,0,3,2,"99,1",0,"0,14","0,55",0,"0,08",0,"0,08","0,05"
2024,GO,Estadual,54290,37116,34698,34527,"68,37","63,91","63,6","479,67","500,17","467,95","495,75","599,87","513,01","114,55","140,23","112,45","125,16","107,48",37116,34816,25,280,1188,0,485,35,228,59,"93,8","0,07","0,75","3,2",0,"1,31","0,09","0,61","0,16"
2024,GO,Federal,1670,1563,1536,1531,"93,59","91,98","91,68","533,43","543,11","522,3","555,92","711,2","574,93","130,61","161,75","133,26","145,31","140,27",1563,1536,0,0,20,0,0,1,5,1,"98,27",0,0,"1,28",0,0,"0,06","0,32","0,06"
2024,GO,Municipal,111,102,99,99,"91,89","89,19","89,19","493,96","519,2","484,37","502,6","636,47","528,24","119,61",150,"116,67","130,59","119,61",102,102,0,0,0,0,0,0,0,0,100,0,0,0,0,0,0,0,0
2024,GO,Privada,8283,7753,7649,7642,"93,6","92,35","92,26","569,63","562,92","554,36","616,31","786,24","619,1","141,79","172,89","147,74","162,81","161,01",7753,7682,1,13,33,0,12,1,10,1,"99,08","0,01","0,17","0,43",0,"0,15","0,01","0,13","0,01"
2024,MA,Estadual,48414,38343,36555,36413,"79,2","75,51","75,21","452,78","475,63","449,1","465,38","551,16","481,92","105,79","130,48","103,65","115,81","95,43",38343,34250,38,517,1947,0,1066,55,347,123,"89,33","0,1","1,35","5,08",0,"2,78","0,14","0,9","0,32"
2024,MA,Federal,3410,3213,3146,3140,"94,22","92,26","92,08","512,74","525,26","498,85","528,79","695,18","553,86","127,93","158,13",130,"143,03","136,1",3213,3101,1,9,68,0,12,2,14,6,"96,51","0,03","0,28","2,12",0,"0,37","0,06","0,44","0,19"
2024,MA,Municipal,99,63,61,61,"63,64","61,62","61,62","456,66","479,21","446,78","460,55","575,24",486,"111,75","133,33","107,62",120,"102,54",63,59,0,0,1,0,3,0,0,0,"93,65",0,0,"1,59",0,"4,76",0,0,0
2024,MA,Privada,4116,3908,3864,3860,"94,95","93,88","93,78","549,37","543,59",523,"581,02","777,9","595,84","140,85","171,34","146,67","163,19","155,84",3908,3848,1,9,27,0,8,1,11,3,"98,46","0,03","0,23","0,69",0,"0,2","0,03","0,28","0,08"
2024,MG,Estadual,98308,75355,72116,71919,"76,65","73,36","73,16","495,31","513,6","474,74","505,07","621,45","524,43","119,83","144,83","116,79","127,8","112,2",75355,72879,32,658,1065,0,397,59,199,66,"96,71","0,04","0,87","1,41",0,"0,53","0,08","0,26","0,09"
2024,MG,Federal,7685,7425,7371,7364,"96,62","95,91","95,82","569,34","566,06","552,73","625,69","784,68","620,21","141,98","173,93","146,48","160,33","161,96",7425,7351,1,3,47,0,9,0,12,2,99,"0,01","0,04","0,63",0,"0,12",0,"0,16","0,03"
2024,MG,Municipal,1292,1116,1090,1087,"86,38","84,37","84,13","529,87","539,66","505,35","540,14","657,11","556,52","125,32","151,34","123,17","132,81","124,46",1116,1094,0,1,10,0,6,1,4,0,"98,03",0,"0,09","0,9",0,"0,54","0,09","0,36",0
2024,MG,Privada,22413,21657,21432,21408,"96,63","95,62","95,52","590,63","575,93","568,42","652,97","816,1","641,64","146,58","178,44","153,48","168,66","168,94",21657,21560,1,16,51,0,12,2,13,2,"99,55",0,"0,07","0,24",0,"0,06","0,01","0,06","0,01"
2024,MS,Estadual,14579,11128,10422,10370,"76,33","71,49","71,13",482,"501,85","468,9","487,52","566,19","505,19","111,03","134,19","106,5","117,62","96,85",11128,10414,6,67,397,0,141,11,71,21,"93,58","0,05","0,6","3,57",0,"1,27","0,1","0,64","0,19"
2024,MS,Federal,1457,1305,1274,1263,"89,57","87,44","86,68","537,54","547,55","526,02","570,37","669,53","572,9","127,48","154,15","126,28","136,29","125,33",1305,1269,0,0,28,0,5,0,3,0,"97,24",0,0,"2,15",0,"0,38",0,"0,23",0
2024,MS,Municipal,21,16,16,16,"76,19","76,19","76,19","491,22","512,87","474,11","517,38","612,5","521,62","121,25","133,75",115,125,"117,5",16,16,0,0,0,0,0,0,0,0,100,0,0,0,0,0,0,0,0
2024,MS,Privada,3046,2803,2738,2732,"92,02","89,89","89,69","570,52","563,9","557,25","623,46","764,78","617,87","140,26","170,28","143,79","158,02","152,44",2803,2777,0,5,14,0,3,0,2,2,"99,07",0,"0,18","0,5",0,"0,11",0,"0,07","0,07"
2024,MT,Estadual,20254,14219,13146,13077,"70,2","64,91","64,57","472,01","495,52","465,27",478,"554,9","497,77","107,16","131,77","104,23","115,28","96,47",14219,12948,17,133,728,0,226,8,124,35,"91,06","0,12","0,94","5,12",0,"1,59","0,06","0,87","0,25"
2024,MT,Federal,2129,1952,1899,1893,"91,69","89,2","88,91","524,65","535,12","512,62","546,17","685,02","563,7","126,12","157,39","127,6","140,39","133,52",1952,1878,1,1,61,0,1,0,10,0,"96,21","0,05","0,05","3,12",0,"0,05",0,"0,51",0
2024,MT,Privada,3610,3339,3279,3273,"92,49","90,83","90,66","555,18","551,67","539,01","599,06","773,35","605,03","139,11","171,41","144,9","160,99","156,93",3339,3285,3,7,29,0,3,0,10,2,"98,38","0,09","0,21","0,87",0,"0,09",0,"0,3","0,06"
2024,PA,Estadual,61553,49842,47407,47244,"80,97","77,02","76,75","454,98","476,37","451,85","463,21","551,34","482,63","105,81","130,54","103,88","115,75","95,36",49842,45124,58,637,2269,0,1159,71,380,144,"90,53","0,12","1,28","4,55",0,"2,33","0,14","0,76","0,29"
2024,PA,Federal,2242,2150,2109,2104,"95,9","94,07","93,84","525,37","531,78","507,73","541,18","725,3","568,53","131,77","163,84","135,64","150,09","143,96",2150,2092,0,6,39,0,5,0,7,1,"97,3",0,"0,28","1,81",0,"0,23",0,"0,33","0,05"
2024,PA,Municipal,42,38,38,37,"90,48","90,48","88,1","445,69","463,68","469,06","444,54","605,79","490,26","109,47","146,84","115,26","125,79","108,42",38,37,0,0,1,0,0,0,0,0,"97,37",0,0,"2,63",0,0,0,0,0
2024,PA,Privada,8372,7899,7774,7754,"94,35","92,86","92,62","549,72","545,54","525,63","569,67","772,89","594,5","138,55","170,84","145,16","161,12","157,21",7899,7755,0,20,79,0,19,1,21,4,"98,18",0,"0,25",1,0,"0,24","0,01","0,27","0,05"
2024,PB,Estadual,29783,22487,21786,21710,"75,5","73,15","72,89","467,67","489,85","456,53","476,81","571,92","495,13","106,94","133,26","105,87","118,75","107,1",22487,20056,16,344,1385,0,383,28,236,39,"89,19","0,07","1,53","6,16",0,"1,7","0,12","1,05","0,17"
2024,PB,Federal,2238,2184,2168,2166,"97,59","96,87","96,78","537,21","545,09","513,75","572,29","747,22",584,"135,25","167,97","139,29","153,58","151,14",2184,2130,0,2,41,0,4,0,6,1,"97,53",0,"0,09","1,88",0,"0,18",0,"0,27","0,05"
2024,PB,Municipal,27,21,21,21,"77,78","77,78","77,78","447,44","450,51","425,61","434,34","499,05","451,39","94,29","129,52","83,81","109,52","81,9",21,21,0,0,0,0,0,0,0,0,100,0,0,0,0,0,0,0,0
2024,PB,Privada,5203,5103,5071,5063,"98,08","97,46","97,31","562,83","555,23","534,91","599,89","800,68","611,37","143,04","175,41","149,85","167,05","165,32",5103,5054,1,10,30,0,3,0,4,1,"99,04","0,02","0,2","0,59",0,"0,06",0,"0,08","0,02"
2024,PE,Estadual,66190,53654,51760,51594,"81,06","78,2","77,95","473,33","496,86","460,84","492,84","574,89","502,49","108,51","135,18","107,74","119,44","104,02",53654,48163,53,574,3421,0,810,46,488,99,"89,77","0,1","1,07","6,38",0,"1,51","0,09","0,91","0,18"
2024,PE,Federal,2481,2347,2302,2295,"94,6","92,79","92,5","541,17","550,99","528,65","585,71","711,44","585,24","131,61","161,89","134,03","144,75","139,16",2347,2287,0,2,49,0,2,1,6,0,"97,44",0,"0,09","2,09",0,"0,09","0,04","0,26",0
2024,PE,Municipal,36,24,21,21,"66,67","58,33","58,33","444,38","466,17","440,48","465,58","515,83","469,85","101,67","123,33","96,67","111,67","82,5",24,20,1,1,1,0,0,0,0,1,"83,33","4,17","4,17","4,17",0,0,0,0,"4,17"
2024,PE,Privada,9863,9571,9488,9476,"97,04","96,2","96,08","560,67","557,52","535,43","607,14","767,8","606,57","139,03","171,6","144,73","158,58","153,86",9571,9468,1,17,51,0,15,2,15,2,"98,92","0,01","0,18","0,53",0,"0,16","0,02","0,16","0,02"
2024,PI,Estadual,24843,20473,19986,19944,"82,41","80,45","80,28","457,62","482,88","451,35","477,05","589,1","493,3","111,46","137,93","110,05","124,49","105,18",20473,19082,10,429,547,0,247,23,102,33,"93,21","0,05","2,1","2,67",0,"1,21","0,11","0,5","0,16"
2024,PI,Federal,4320,4135,4040,4032,"95,72","93,52","93,33","499,02","520,41","484,96","529,77","670,97","542,65","124,41","153,68","125,47","138,26","129,15",4135,3942,1,16,117,0,34,1,23,1,"95,33","0,02","0,39","2,83",0,"0,82","0,02","0,56","0,02"
2024,PI,Municipal,5,3,3,3,60,60,60,"394,5",379,"457,77","436,93","333,33","400,31",80,"86,67",80,"66,67",20,3,3,0,0,0,0,0,0,0,0,100,0,0,0,0,0,0,0,0
2024,PI,Privada,3833,3742,3727,3722,"97,63","97,23","97,1","571,08","563,46","546,78","623,59","829,9","627,4","147,49","180,79","157,5","173,86","170,26",3742,3715,1,9,12,0,1,0,3,1,"99,28","0,03","0,24","0,32",0,"0,03",0,"0,08","0,03"
2024,PR,Estadual,68621,52598,49157,49027,"76,65","71,64","71,45","496,81","520,18","482,33","502,95","583,07","520,75","115,42","138,81","110,05","119,53","99,26",52598,50314,46,188,1225,0,497,60,208,60,"95,66","0,09","0,36","2,33",0,"0,94","0,11","0,4","0,11"
2024,PR,Federal,2059,1907,1845,1838,"92,62","89,61","89,27","554,74","560,25","542,06","587,98","687,77",588,"130,01","157,93","129,24","138,88","131,71",1907,1874,0,1,23,0,4,0,5,0,"98,27",0,"0,05","1,21",0,"0,21",0,"0,26",0
2024,PR,Privada,15763,14471,14191,14163,"91,8","90,03","89,85","569,84","566,94","558,12","619,07","734,16","611,05","137,4","165,02","138,3","150,48","142,96",14471,14340,1,15,72,0,22,0,15,6,"99,09","0,01","0,1","0,5",0,"0,15",0,"0,1","0,04"
2024,RJ,Estadual,63570,47960,45172,45024,"75,44","71,06","70,83","482,15",507,"465,22","485,72","559,28","503,52","109,81","132,86","105,63","115,13","95,85",47960,43811,59,307,2407,0,836,50,420,70,"91,35","0,12","0,64","5,02",0,"1,74","0,1","0,88","0,15"
2024,RJ,Federal,4834,4509,4387,4374,"93,28","90,75","90,48","562,02","565,23","544,79","602,49","729,78","602,56","135,59","164,68","137,25","148,61","143,66",4509,4441,1,0,48,0,7,0,10,2,"98,49","0,02",0,"1,06",0,"0,16",0,"0,22","0,04"
2024,RJ,Municipal,514,438,422,420,"85,21","82,1","81,71","522,19","535,31","503,95","537,5","671,19","556,1","125,53","153,65","126,12",139,"126,89",438,421,1,0,10,0,2,1,2,1,"96,12","0,23",0,"2,28",0,"0,46","0,23","0,46","0,23"
2024,RJ,Privada,28958,27974,27603,27565,"96,6","95,32","95,19","570,33","564,52","544,1","613,61","763,26","612,27","139,94","170,05","143,48","157,53","152,26",27974,27699,1,30,141,0,36,5,58,4,"99,02",0,"0,11","0,5",0,"0,13","0,02","0,21","0,01"
2024,RN,Estadual,18205,15522,14996,14959,"85,26","82,37","82,17","470,43","493,54","461,11","473,28","569,73","495,92","108,16","134,11","106,19","118,33","102,94",15522,14217,19,118,766,0,254,14,105,29,"91,59","0,12","0,76","4,93",0,"1,64","0,09","0,68","0,19"
2024,RN,Federal,5238,5069,5020,5002,"96,77","95,84","95,49","546,3","555,38","526,91","586,57","730,47","589,8","134,82","164,84","137,28","149,88","143,65",5069,4982,2,1,68,0,3,0,10,3,"98,28","0,04","0,02","1,34",0,"0,06",0,"0,2","0,06"
2024,RN,Privada,4408,4296,4266,4259,"97,46","96,78","96,62","564,55","556,2","538,36","598,9","784,47","609,22","140,47","173,43","147,24","163,24","160,09",4296,4244,2,9,25,0,7,0,9,0,"98,79","0,05","0,21","0,58",0,"0,16",0,"0,21",0
2024,RO,Estadual,12963,9296,8760,8724,"71,71","67,58","67,3","468,64","488,79","465,7","480,72","579,55","501,04","109,37","133,63","107,48","120,7","108,38",9296,8481,7,135,467,0,124,9,63,10,"91,23","0,08","1,45","5,02",0,"1,33","0,1","0,68","0,11"
2024,RO,Federal,1046,1001,974,972,"95,7","93,12","92,93","518,17","536,29","512,19","547,79","707,81","566,53","130,01","160,66","131,29","144,92","140,94",1001,965,0,1,30,0,0,0,5,0,"96,4",0,"0,1",3,0,0,0,"0,5",0
2024,RO,Privada,1189,1126,1096,1094,"94,7","92,18","92,01","539,6","543,99","528,74","574,03","733,36","586,03","133,89","165,22","137,82","151,44","144,99",1126,1103,0,1,16,0,2,0,1,3,"97,96",0,"0,09","1,42",0,"0,18",0,"0,09","0,27"
2024,RR,Estadual,4391,3264,2987,2963,"74,33","68,03","67,48","475,09","494,21","468,65","477,73","533,62","495,51","105,55","126,44","101,1","112,48","88,06",3264,2896,8,36,214,0,59,3,41,7,"88,73","0,25","1,1","6,56",0,"1,81","0,09","1,26","0,21"
2024,RR,Federal,269,246,235,234,"91,45","87,36","86,99","504,4","524,03","493,62","504,28","641,71",536,"121,3","152,6","118,78","131,63","117,4",246,240,0,3,3,0,0,0,0,0,"97,56",0,"1,22","1,22",0,0,0,0,0
2024,RR,Privada,411,372,361,361,"90,51","87,83","87,83","552,22","551,79","537,52","568,36","709,68","586,33","132,8","158,6","133,12","148,76","136,4",372,366,0,0,4,0,0,0,2,0,"98,39",0,0,"1,08",0,0,0,"0,54",0
2024,RS,Estadual,50914,37893,35113,35013,"74,43","68,97","68,77","501,43","523,12","480,97","508,81","599,49","527,28","116,77","139,68","112,73","123,17","107,14",37893,35627,32,100,1493,0,344,22,237,38,"94,02","0,08","0,26","3,94",0,"0,91","0,06","0,63","0,1"
2024,RS,Federal,4285,3928,3788,3777,"91,67","88,4","88,14","556,19","561,56","542,27","592,49","700,93","593,09","131,43","159,38","131,26","141,87","136,99",3928,3835,0,2,71,0,9,2,8,1,"97,63",0,"0,05","1,81",0,"0,23","0,05","0,2","0,03"
2024,RS,Municipal,489,371,350,350,"75,87","71,57","71,57","499,36","520,11","480,9","494,68","592,83","520,42","114,82","139,08","111,05","121,73","106,15",371,346,0,3,16,0,3,0,2,1,"93,26",0,"0,81","4,31",0,"0,81",0,"0,54","0,27"
2024,RS,Privada,12907,11323,11005,10982,"87,73","85,26","85,09","573,5","572,18","550,6","620,8","758,37","617,4","139,49","168,8","141,97","155,09","153,02",11323,11164,3,10,104,0,19,4,16,3,"98,6","0,03","0,09","0,92",0,"0,17","0,04","0,14","0,03"
2024,SC,Estadual,30780,22688,21012,20954,"73,71","68,27","68,08","508,22","526,34","487,77","507,81","604,2","530,92","118,21","142,4","113,64","123,22","106,73",22688,21609,12,58,700,0,159,10,125,15,"95,24","0,05","0,26","3,09",0,"0,7","0,04","0,55","0,07"
2024,SC,Federal,2703,2406,2327,2320,"89,01","86,09","85,83","551,24","558,28","544,92","583,72","701,1","589,77","131,89","160,42","131,03","141,69","136,07",2406,2367,0,1,28,0,2,0,8,0,"98,38",0,"0,04","1,16",0,"0,08",0,"0,33",0
2024,SC,Municipal,77,63,56,56,"81,82","72,73","72,73","585,13","577,61","564,21","618,79","669,52","606,79","130,48","153,97","127,62","132,7","124,76",63,61,0,0,2,0,0,0,0,0,"96,83",0,0,"3,17",0,0,0,0,0
2024,SC,Privada,9682,8943,8701,8691,"92,37","89,87","89,76","579,37","573,12","564,59","633,89","757,46","623,48","139,85","168,6","142,22","155,55","151,24",8943,8833,2,14,68,0,9,2,13,2,"98,77","0,02","0,16","0,76",0,"0,1","0,02","0,15","0,02"
2024,SE,Estadual,15758,13336,12928,12895,"84,63","82,04","81,83","465,6","487,35","457,5","478,53","590,11","498,29","110,23","137,84","109,31","122,51","110,22",13336,12054,12,151,726,0,221,19,133,20,"90,39","0,09","1,13","5,44",0,"1,66","0,14",1,"0,15"
2024,SE,Federal,511,488,487,485,"95,5","95,3","94,91","507,83","528,9","501,12","527,33","677,05","549,12","125,16","158,11","126,31","138,32","129,14",488,473,0,3,8,0,3,0,1,0,"96,93",0,"0,61","1,64",0,"0,61",0,"0,2",0
2024,SE,Privada,3235,3135,3097,3093,"96,91","95,73","95,61","565,76","559,3","538,96","600,94","793,78","612,58","142,37","174,05","148,72","164,52","164,13",3135,3103,0,7,18,0,3,0,4,0,"98,98",0,"0,22","0,57",0,"0,1",0,"0,13",0
2024,SP,Estadual,200509,146459,139644,139134,"73,04","69,64","69,39","503,5","525,34","479,94","510,36","596,02","525,51","117,44","141,73","113,19","122,27","101,4",146459,141566,67,824,2228,0,980,120,519,155,"96,66","0,05","0,56","1,52",0,"0,67","0,08","0,35","0,11"
2024,SP,Federal,3443,3256,3203,3194,"94,57","93,03","92,77","571,32","573,6","553,51","626,11","729,29","611,43","135,93","164,56","136,95","147,97","143,89",3256,3216,0,2,30,0,1,0,6,1,"98,77",0,"0,06","0,92",0,"0,03",0,"0,18","0,03"
2024,SP,Municipal,5785,4568,4363,4350,"78,96","75,42","75,19","522,3","537,16","499,13","537,19","628,49","547,86","121,72","146,94","117,71","127,84","114,28",4568,4426,4,17,74,0,27,2,15,3,"96,89","0,09","0,37","1,62",0,"0,59","0,04","0,33","0,07"
2024,SP,Privada,75462,71708,70507,70379,"95,03","93,43","93,26","569,13","567,89","552,3","620,09","742,96","611,36","137,47","166,62","139,32","151,76","147,79",71708,71256,11,58,232,0,71,3,68,9,"99,37","0,02","0,08","0,32",0,"0,1",0,"0,09","0,01"
2024,TO,Estadual,12013,8811,8135,8101,"73,35","67,72","67,44","453,82","481,32","453,01","472,41","543,95","485,83","105,78","129,29","102,5","114,76","91,62",8811,7968,1,116,415,0,224,13,59,15,"90,43","0,01","1,32","4,71",0,"2,54","0,15","0,67","0,17"
2024,TO,Federal,745,697,685,681,"93,56","91,95","91,41","516,27","530,13","500,1","538,24","687,37","555,24","128,67","158,34","128,49","141,75","130,13",697,680,0,2,12,0,1,0,2,0,"97,56",0,"0,29","1,72",0,"0,14",0,"0,29",0
2024,TO,Privada,1044,933,914,912,"89,37","87,55","87,36","571,13","562,27","552,01","607,99","787,95","617,89","141,48","172,75",148,"163,97","161,76",933,918,0,2,9,0,0,0,3,1,"98,39",0,"0,21","0,96",0,0,0,"0,32","0,11"
2025,AC,Estadual,8234,5914,5577,5553,"71,82","67,73","67,44","471,76","493,06","458,12",454,"530,31","484,49","102,67","119,92","103,76","109,75","94,2",5914,5502,5,166,158,0,29,8,39,7,"93,03","0,08","2,81","2,67",0,"0,49","0,14","0,66","0,12"
2025,AC,Federal,601,560,544,543,"93,18","90,52","90,35","513,99","536,39","506,58","516,6","645,82","547,31","119,82","139,32","122,14","132,64","131,89",560,538,0,3,15,0,3,0,1,0,"96,07",0,"0,54","2,68",0,"0,54",0,"0,18",0
2025,AC,Privada,552,537,528,527,"97,28","95,65","95,47","564,01","571,96","547,61","606,57","754,34","610,75","138,29","157,47","142,09","157,32","159,18",537,523,0,7,3,0,1,0,3,0,"97,39",0,"1,3","0,56",0,"0,19",0,"0,56",0
2025,AL,Estadual,27133,22085,21291,21209,"81,4","78,47","78,17","458,56","480,76","454,21","444,27","432,3","456,28","84,44","98,4","84,24","89,8","75,41",22085,17188,28,942,3174,0,275,54,391,33,"77,83","0,13","4,27","14,37",0,"1,25","0,24","1,77","0,15"
2025,AL,Federal,2201,2047,2011,2007,93,"91,37","91,19","521,3","541,91","514,17","544,39","654,31","556,21","123,01","141,06","123,88","134,11","132,26",2047,1979,0,8,51,0,2,2,4,1,"96,68",0,"0,39","2,49",0,"0,1","0,1","0,2","0,05"
2025,AL,Privada,4097,3973,3923,3917,"96,97","95,75","95,61","542,98","559,38","531,26","582,48","715,69","587,45","131,8","152,62","134,32","148,13","148,82",3973,3879,1,30,49,0,2,0,12,0,"97,63","0,03","0,76","1,23",0,"0,05",0,"0,3",0
2025,AM,Estadual,44703,27566,25404,25045,"61,66","56,83","56,03","463,45","480,89","450,61","438,45","453,08","461,62","93,57","103,65","91,33","95,19","69,34",27566,23205,25,1761,1653,0,467,108,283,64,"84,18","0,09","6,39",6,0,"1,69","0,39","1,03","0,23"
2025,AM,Federal,1724,1563,1517,1513,"90,66","87,99","87,76","512,66","531,74","498,95","507,72","599,51","532,5","119,85","130,97","116,98","125,54","106,18",1563,1498,1,18,32,0,2,2,8,2,"95,84","0,06","1,15","2,05",0,"0,13","0,13","0,51","0,13"
2025,AM,Privada,2374,2178,2131,2126,"91,74","89,76","89,55","561,56","572,22","541,44","587,77","699,06",594,"133,87","149,94","134,59","146,59","134,07",2178,2126,1,11,33,0,1,0,6,0,"97,61","0,05","0,51","1,52",0,"0,05",0,"0,28",0
2025,AP,Estadual,7176,5885,5587,5567,"82,01","77,86","77,58","473,78","491,58","461,06","443,98","524,74","481,96","102,27","117,01","102,79","109,29","93,39",5885,5234,5,198,328,0,45,8,56,11,"88,94","0,08","3,36","5,57",0,"0,76","0,14","0,95","0,19"
2025,AP,Federal,432,419,411,411,"96,99","95,14","95,14","519,69","537,45","507,85","507,12","659,05","547,42","123,68","142,34","126,44","136,61","129,98",419,408,0,4,4,0,0,0,3,0,"97,37",0,"0,95","0,95",0,0,0,"0,72",0
2025,AP,Privada,879,796,776,775,"90,56","88,28","88,17","537,78","557,04","524,66","549,74","708,22","577,64","131,46","151,81","135,6","146,61","142,74",796,770,0,5,12,0,2,1,5,1,"96,73",0,"0,63","1,51",0,"0,25","0,13","0,63","0,13"
2025,BA,Estadual,114812,83216,79436,79026,"72,48","69,19","68,83","467,44","490,7","464,72","451,1","499,46","477,24","97,6","113,32","97,75","103,13","87,67",83216,73679,101,2690,4738,0,929,209,735,135,"88,54","0,12","3,23","5,69",0,"1,12","0,25","0,88","0,16"
2025,BA,Federal,4861,4598,4530,4518,"94,59","93,19","92,94","537,65","556,7","529,16","557,86","677,88","572,86","126,18","146,05","128,09","138,29","139,27",4598,4489,2,7,82,0,5,1,10,2,"97,63","0,04","0,15","1,78",0,"0,11","0,02","0,22","0,04"
2025,BA,Municipal,158,106,100,100,"67,09","63,29","63,29","457,89","472,75","450,19","431,51","491,89","461,28","97,92","112,45","96,98","103,96","80,57",106,96,0,2,2,0,5,0,1,0,"90,57",0,"1,89","1,89",0,"4,72",0,"0,94",0
2025,BA,Privada,14758,14194,14021,13994,"96,18","95,01","94,82","558,75","568,76","547,27","601,27","737,28","603,72","134,92","156,38","139,04","152,82","154,12",14194,14011,1,58,94,0,6,1,22,1,"98,71","0,01","0,41","0,66",0,"0,04","0,01","0,15","0,01"
2025,Brasil,Estadual,1382565,1018248,964885,961328,"73,65","69,79","69,53","483,67","508,2","472,61","480,63","526,48","497,13","103,73","118,68","102,51","108,59","92,98",1018248,923968,864,29403,47527,0,6047,1980,7301,1158,"90,74","0,08","2,89","4,67",0,"0,59","0,19","0,72","0,11"
2025,Brasil,Federal,74649,70097,68618,68463,"93,9","91,92","91,71","547,87","563,98","535,7","586,95","675,78","583,52","127,03","145,74","127,66","138,19","137,17",70097,68167,21,246,1336,0,58,12,237,20,"97,25","0,03","0,35","1,91",0,"0,08","0,02","0,34","0,03"
2025,Brasil,Municipal,9015,6952,6619,6602,"77,12","73,42","73,23","517,05","541,68","500,2","532,26","594,58","540,02","116,16","133,66","114,38","121,24","109,15",6952,6727,2,39,118,0,24,13,24,5,"96,76","0,03","0,56","1,7",0,"0,35","0,19","0,35","0,07"
2025,Brasil,Privada,272799,257265,252481,252092,"94,31","92,55","92,41","566,19","577,58","551,93","620,32","729,71","610,46","135,51","155,11","137,51","150,77","150,81",257265,254056,35,866,1682,0,109,50,432,35,"98,75","0,01","0,34","0,65",0,"0,04","0,02","0,17","0,01"
2025,CE,Estadual,104366,89001,86812,86473,"85,28","83,18","82,86","474,95","497,53","467,28","475,9","508,14","486,7","98,24","112,39","98,01","105,58","93,91",89001,75818,156,4240,6636,0,783,304,948,116,"85,19","0,18","4,76","7,46",0,"0,88","0,34","1,07","0,13"
2025,CE,Federal,2196,2086,2061,2058,"94,99","93,85","93,72","534,36","554,33","526,9","572,52","657,35","570,22","123,78","141,54","124,26","134,07","133,7",2086,1997,3,16,56,0,2,0,12,0,"95,73","0,14","0,77","2,68",0,"0,1",0,"0,58",0
2025,CE,Municipal,161,47,42,42,"29,19","26,09","26,09","470,24","480,55","462,47","414,41","453,19","458,62","91,91","106,38","91,06","91,91","71,91",47,43,0,0,1,0,1,2,0,0,"91,49",0,0,"2,13",0,"2,13","4,26",0,0
2025,CE,Privada,8621,8254,8147,8137,"95,74","94,5","94,39","567,84","574,13",558,"623,62","754,47","616,61","138,1","158,6","141,32","157,13","159,31",8254,8140,2,32,56,0,2,1,18,3,"98,62","0,02","0,39","0,68",0,"0,02","0,01","0,22","0,04"
2025,DF,Estadual,17461,14822,14115,14070,"84,89","80,84","80,58","497,91","528,43","481,89","489,13","557,44","513,84","109,92","126,71","108,19","113,94","98,68",14822,13920,9,116,644,0,28,16,82,7,"93,91","0,06","0,78","4,34",0,"0,19","0,11","0,55","0,05"
2025,DF,Federal,1084,1035,1023,1021,"95,48","94,37","94,19","553,09","574,1","542,09","596,4","658,43","585,82",127,"142,05","124,66","135,01","129,72",1035,1016,0,0,16,0,0,1,2,0,"98,16",0,0,"1,55",0,0,"0,1","0,19",0
2025,DF,Privada,6822,6518,6398,6388,"95,54","93,78","93,64","582,51","590,94","568,03","639,15","738,2","625,22","138,41","158,02","139,59","153,37","148,81",6518,6465,0,9,29,0,0,1,13,1,"99,19",0,"0,14","0,44",0,0,"0,02","0,2","0,02"
2025,ES,Estadual,25395,19216,17854,17800,"75,67","70,31","70,09","494,43","516,27","480,72","500,01","538,93","510,35","104,71","118,13","103,2","110,39","102,49",19216,17274,12,390,1241,0,66,29,182,22,"89,89","0,06","2,03","6,46",0,"0,34","0,15","0,95","0,11"
2025,ES,Federal,3038,2900,2849,2845,"95,46","93,78","93,65","585,15","587,01","571,83","651,39","733,3","627,06","135,82","155,63","137,42","150,2","154,23",2900,2834,0,1,53,0,2,0,10,0,"97,72",0,"0,03","1,83",0,"0,07",0,"0,34",0
2025,ES,Municipal,11,6,6,6,"54,55","54,55","54,55","544,12","516,55","479,2","466,75",510,"503,32","103,33","133,33",90,"93,33",90,6,6,0,0,0,0,0,0,0,0,100,0,0,0,0,0,0,0,0
2025,ES,Privada,4477,4105,4003,3994,"91,69","89,41","89,21","567,9","575,17","557,23","628,3","749,19","617,95","137,99","156,76","141,39","155,57","157,49",4105,4029,3,15,45,0,5,0,7,1,"98,15","0,07","0,37","1,1",0,"0,12",0,"0,17","0,02"
2025,GO,Estadual,57236,39525,36956,36817,"69,06","64,57","64,32","487,18","509,24","478,13","490,65","571,61","511,19","110,14","126,61","110,53","118,33","106,01",39525,37287,21,669,1127,0,136,60,196,29,"94,34","0,05","1,69","2,85",0,"0,34","0,15","0,5","0,07"
2025,GO,Federal,1798,1680,1639,1638,"93,44","91,16","91,1","534,73","551,46","522,93","547,89","663,04","565,23","124,36","144,83","125,69","135,4","132,75",1680,1651,0,3,24,0,0,0,2,0,"98,27",0,"0,18","1,43",0,0,0,"0,12",0
2025,GO,Municipal,167,132,127,127,"79,04","76,05","76,05","491,52","517,56","486,71","503,66","588,18","521,94","113,18","133,79","114,09","118,03","109,09",132,130,0,0,1,0,0,0,1,0,"98,48",0,0,"0,76",0,0,0,"0,76",0
2025,GO,Privada,7979,7415,7296,7282,"92,93","91,44","91,26","569,9","578,88","560,62","619,07","755,37","618,12","138,66","159,14","142,13","157,31","158,14",7415,7338,1,31,34,0,2,0,9,0,"98,96","0,01","0,42","0,46",0,"0,03",0,"0,12",0
2025,MA,Estadual,57592,43678,41715,41532,"75,84","72,43","72,11","459,72","479,14","452,87","442,88","489,76","467,53","96,33","109,83","96,05","102,56","84,99",43678,37558,35,1934,2879,0,666,87,438,81,"85,99","0,08","4,43","6,59",0,"1,52","0,2",1,"0,19"
2025,MA,Federal,3292,3111,3057,3050,"94,5","92,86","92,65","515,81","535,11","506,31","530,44","656,03","550,16","122,73","141,43","124,2","135,18","132,5",3111,2984,1,17,89,0,7,0,10,3,"95,92","0,03","0,55","2,86",0,"0,23",0,"0,32","0,1"
2025,MA,Municipal,108,70,68,67,"64,81","62,96","62,04","460,94","503,06","465,42","463,71","620,29","504,07","117,14","135,14","118,86","130,86","118,29",70,69,0,0,0,0,1,0,0,0,"98,57",0,0,0,0,"1,43",0,0,0
2025,MA,Privada,4760,4526,4469,4458,"95,08","93,89","93,66","543,16","556,17","529,56","577,39","729,98","588,49","134,85","153,85","138,55","153,15","149,58",4526,4430,1,28,46,0,5,2,14,0,"97,88","0,02","0,62","1,02",0,"0,11","0,04","0,31",0
2025,MG,Estadual,138639,95514,90431,90213,"68,89","65,23","65,07","495,85","519,56","479,31","496,91","562,82","513,44","110,96","125,45","109,12","115,54","101,75",95514,90271,47,2692,1838,0,166,138,297,65,"94,51","0,05","2,82","1,92",0,"0,17","0,14","0,31","0,07"
2025,MG,Federal,7816,7502,7415,7405,"95,98","94,87","94,74","576,43","585,82","562,88","646,94","745,66","624,51","137,43","157,52","139,43","152,59","158,69",7502,7408,1,8,63,0,3,1,17,1,"98,75","0,01","0,11","0,84",0,"0,04","0,01","0,23","0,01"
2025,MG,Municipal,1482,1261,1220,1219,"85,09","82,32","82,25","532,52","549,4","514,69","556,53","635,73","559,79","122,3","140,51","121,48","128,96","122,49",1261,1240,0,4,13,0,1,1,1,1,"98,33",0,"0,32","1,03",0,"0,08","0,08","0,08","0,08"
2025,MG,Privada,24413,23359,23054,23031,"95,68","94,43","94,34","584,88","589,51","571,48","659,56","783,69","638,8","142,98","163,85","147,17","162,74","166,94",23359,23205,1,39,81,0,7,2,24,0,"99,34",0,"0,17","0,35",0,"0,03","0,01","0,1",0
2025,MS,Estadual,17144,13330,12471,12408,"77,75","72,74","72,38","487,4","510,04","474,94","475,44","523,68","497,57","104,13","119,58","102,44","107,83","89,71",13330,12362,7,257,512,0,60,33,84,15,"92,74","0,05","1,93","3,84",0,"0,45","0,25","0,63","0,11"
2025,MS,Federal,1516,1347,1316,1309,"88,85","86,81","86,35","540,46","561,4","533,74","587,82","634,4","573,58","121,68","139,18","120,95","129,61","122,98",1347,1316,0,8,19,0,2,0,2,0,"97,7",0,"0,59","1,41",0,"0,15",0,"0,15",0
2025,MS,Municipal,28,20,17,17,"71,43","60,71","60,71","485,01","516,59","457,99","465,58",585,"504,05",115,132,119,112,107,20,20,0,0,0,0,0,0,0,0,100,0,0,0,0,0,0,0,0
2025,MS,Privada,2865,2673,2631,2622,"93,3","91,83","91,52","563,28","574,13","557,56","617,99","723,22","608,88","135,22","153,71","137,07","149,32","147,89",2673,2632,0,5,24,0,1,2,7,2,"98,47",0,"0,19","0,9",0,"0,04","0,07","0,26","0,07"
2025,MT,Estadual,26941,16124,14848,14771,"59,85","55,11","54,83","476,83","500,66","468,71","466,54","501,13","487,28","98,94","114,39","98,06","103,16","86,57",16124,14406,7,450,946,0,134,30,132,19,"89,35","0,04","2,79","5,87",0,"0,83","0,19","0,82","0,12"
2025,MT,Federal,2189,1998,1943,1939,"91,27","88,76","88,58","531,29","548,23","519,56","553,71","636,08","559,89","119,08","139,67","120,06",130,"127,27",1998,1923,0,7,58,0,1,0,7,2,"96,25",0,"0,35","2,9",0,"0,05",0,"0,35","0,1"
2025,MT,Privada,3672,3457,3381,3379,"94,14","92,08","92,02","557,41","566,77","542,75","606,8","735,78","603,59","135,16","156,29","138,57","153,12","152,65",3457,3400,0,11,37,0,1,0,6,2,"98,35",0,"0,32","1,07",0,"0,03",0,"0,17","0,06"
2025,PA,Estadual,66307,50559,47920,47748,"76,25","72,27","72,01","465,11","479,57","456,65","448,88","503,52","473,75","98,5","113,33",99,"104,81","87,88",50559,44617,62,1927,2807,0,514,98,452,82,"88,25","0,12","3,81","5,55",0,"1,02","0,19","0,89","0,16"
2025,PA,Federal,2466,2350,2305,2301,"95,3","93,47","93,31","519,87","530,33","509,88","523,56","651,2","548,66","122,24","140,58","124,17","134,56","129,65",2350,2256,1,22,59,0,3,0,9,0,96,"0,04","0,94","2,51",0,"0,13",0,"0,38",0
2025,PA,Municipal,9,3,2,2,"33,33","22,22","22,22","424,57","387,87","495,95","442,55","586,67","479,72","126,67",120,"106,67","113,33",120,3,3,0,0,0,0,0,0,0,0,100,0,0,0,0,0,0,0,0
2025,PA,Privada,8407,7732,7613,7597,"91,97","90,56","90,37","547,96","551,57","536,38","569,37","736,37","589,81","134,39","155,42","138,76","153,27","154,53",7732,7558,1,57,81,0,8,1,25,1,"97,75","0,01","0,74","1,05",0,"0,1","0,01","0,32","0,01"
2025,PB,Estadual,31450,24411,23627,23546,"77,62","75,13","74,87","474,64","498,08","473,02","463,78","521,02","488,55","99,03","114,75","99,62","107,36","100,26",24411,21082,21,777,2030,0,148,41,293,19,"86,36","0,09","3,18","8,32",0,"0,61","0,17","1,2","0,08"
2025,PB,Federal,2438,2373,2358,2356,"97,33","96,72","96,64","538,27","552,59","525,85","568,16","698,47","577,26","128,72","149,32","131,39","143,1","145,93",2373,2299,1,9,56,0,1,0,6,1,"96,88","0,04","0,38","2,36",0,"0,04",0,"0,25","0,04"
2025,PB,Municipal,43,28,25,25,"65,12","58,14","58,14","455,17","476,11","461,01","417,03","360,71","437,64",70,"85,71","74,29","77,86","52,86",28,20,0,2,3,0,2,0,1,0,"71,43",0,"7,14","10,71",0,"7,14",0,"3,57",0
2025,PB,Privada,5872,5774,5727,5722,"98,33","97,53","97,45","561,97","569,65","550,15","611,63","756,6","610,94","137,84","159,19","141,79","158,14","159,65",5774,5685,0,27,44,0,1,2,14,1,"98,46",0,"0,47","0,76",0,"0,02","0,03","0,24","0,02"
2025,PE,Estadual,72469,57862,55779,55613,"79,84","76,97","76,74","475,47","502,18","473,29","479,59","525,84","493,69","101,2","117,1","101,74","108,76","97,03",57862,50951,43,2054,3780,0,367,82,527,58,"88,06","0,07","3,55","6,53",0,"0,63","0,14","0,91","0,1"
2025,PE,Federal,2965,2787,2736,2729,94,"92,28","92,04","543,18","561,21","538,9","582,88","670,36","580,52","125,78","144,15","126,88","137,1","136,45",2787,2696,1,12,66,0,1,0,10,1,"96,73","0,04","0,43","2,37",0,"0,04",0,"0,36","0,04"
2025,PE,Municipal,17,12,12,11,"70,59","70,59","64,71","497,5","486,57","465,32","435,69","401,67","462,59","76,67","91,67",80,"81,67","71,67",12,9,0,0,1,0,0,0,2,0,75,0,0,"8,33",0,0,0,"16,67",0
2025,PE,Privada,10796,10457,10324,10312,"96,86","95,63","95,52","555,88","570,56","546,03","610,55","731,94","604,11","134,46","155,8","138,41","151,65","151,62",10457,10268,0,66,92,0,3,0,27,1,"98,19",0,"0,63","0,88",0,"0,03",0,"0,26","0,01"
2025,PI,Estadual,28696,22489,21936,21888,"78,37","76,44","76,28","462,08","487,8","456,98","460,17","524,56","479,78","101,62","116,1","102,15","110,25","94,44",22489,20165,11,1420,658,0,59,29,123,24,"89,67","0,05","6,31","2,93",0,"0,26","0,13","0,55","0,11"
2025,PI,Federal,4688,4493,4398,4386,"95,84","93,81","93,56","504,55","531,75","500,55","523,46","633,55","540,41","118,84","137,34","120,55","131,05","125,77",4493,4267,0,62,123,0,11,0,27,3,"94,97",0,"1,38","2,74",0,"0,24",0,"0,6","0,07"
2025,PI,Municipal,2,2,2,2,100,100,100,"466,85","441,85","433,9",442,260,"408,92",40,60,50,50,60,2,1,0,1,0,0,0,0,0,0,50,0,50,0,0,0,0,0,0
2025,PI,Privada,3668,3597,3575,3574,"98,06","97,46","97,44","570,98","577,59","563,52","627,41","793,35","626,91","143,45","165,27","150,2","166,91","167,51",3597,3555,0,21,18,0,0,1,2,0,"98,83",0,"0,58","0,5",0,0,"0,03","0,06",0
2025,PR,Estadual,67487,51445,47836,47748,"76,23","70,88","70,75","500,77","526,9","484,7","510,4","537,79","515,58","108,72","123,44","105,16","110,17","90,31",51445,48805,47,694,1374,0,129,130,219,47,"94,87","0,09","1,35","2,67",0,"0,25","0,25","0,43","0,09"
2025,PR,Federal,2854,2617,2505,2496,"91,7","87,77","87,46","559,93","575,06","543,01","600,26","647,31","587,18","124,98","143,09","122,94","130,38","125,92",2617,2571,0,1,31,0,3,1,9,1,"98,24",0,"0,04","1,18",0,"0,11","0,04","0,34","0,04"
2025,PR,Privada,16639,14928,14453,14441,"89,72","86,86","86,79","565,08","578,57","552,48","622,14","691,45","603,6","132,25","148,22","131,02","142,43","137,53",14928,14758,3,61,75,0,4,8,17,2,"98,86","0,02","0,41","0,5",0,"0,03","0,05","0,11","0,01"
2025,RJ,Estadual,67049,50117,47414,47256,"74,75","70,72","70,48","484,83","514,27","468,37","472,36","527,72","496,01","106,03","121,13","103,15","107,96","89,45",50117,46892,32,1140,1420,0,193,106,286,48,"93,57","0,06","2,27","2,83",0,"0,39","0,21","0,57","0,1"
2025,RJ,Federal,5900,5549,5434,5414,"94,05","92,1","91,76","568,64","585,04","552,65","621,88","699,28","606,93","131,92","150,88","131,85","142,79","141,84",5549,5444,0,4,74,0,1,1,24,1,"98,11",0,"0,07","1,33",0,"0,02","0,02","0,43","0,02"
2025,RJ,Municipal,477,384,359,358,"80,5","75,26","75,05","510,37","541,28","499,28","522,2","616,72","543,12","116,46","136,77","117,55","126,2","119,74",384,354,0,2,23,0,1,1,3,0,"92,19",0,"0,52","5,99",0,"0,26","0,26","0,78",0
2025,RJ,Privada,28829,27750,27328,27287,"96,26","94,79","94,65","565,35","577,55","545,5","616,13","728,43","607,8","135,77","155,7","137,64","150,68","148,63",27750,27420,3,74,175,0,14,8,52,4,"98,81","0,01","0,27","0,63",0,"0,05","0,03","0,19","0,01"
2025,RN,Estadual,20683,17236,16640,16611,"83,33","80,45","80,31","474,95","502,5","474,23","463,55","525,31","490,21","101,01","118,17","101,54","108,22","96,37",17236,15634,22,355,934,0,92,24,155,20,"90,71","0,13","2,06","5,42",0,"0,53","0,14","0,9","0,12"
2025,RN,Federal,5351,5129,5039,5032,"95,85","94,17","94,04","554,21","573,92","543,17","602,72","684,78","592,83","128,75","146,58","129,09","140,54","139,82",5129,4999,7,8,100,0,2,1,12,0,"97,47","0,14","0,16","1,95",0,"0,04","0,02","0,23",0
2025,RN,Privada,4415,4326,4286,4280,"97,98","97,08","96,94","562,01","571,82","552,87","608,51","752,66","610,75","137,05","158,46","141,72","156,62","158,81",4326,4261,1,20,35,0,4,0,5,0,"98,5","0,02","0,46","0,81",0,"0,09",0,"0,12",0
2025,RO,Estadual,17933,12386,11619,11574,"69,07","64,79","64,54","475,95","496,1","471,57","469,04","518,03","490,08","99,98","115,05","100,07","106,79","96,14",12386,10989,9,447,726,0,78,18,104,15,"88,72","0,07","3,61","5,86",0,"0,63","0,15","0,84","0,12"
2025,RO,Federal,1271,1170,1143,1139,"92,05","89,93","89,61","524,06","546,97","518,55","546,34","651,76","559,4","122,02","142,15","123,06","133,28","131,25",1170,1128,0,4,30,0,0,1,7,0,"96,41",0,"0,34","2,56",0,0,"0,09","0,6",0
2025,RO,Privada,1500,1389,1358,1357,"92,6","90,53","90,47","539,96","554,66","531,98","578,98","705,54","583,59","130,21","150,06","133,52","146,25","145,5",1389,1365,0,7,14,0,1,0,2,0,"98,27",0,"0,5","1,01",0,"0,07",0,"0,14",0
2025,RR,Estadual,3953,2392,2163,2125,"60,51","54,72","53,76","476,42","494,27","467,12","459,63","474,29","479,65","96,61","107,68","94,01",99,"76,99",2392,2063,2,91,181,0,21,4,29,1,"86,25","0,08","3,8","7,57",0,"0,88","0,17","1,21","0,04"
2025,RR,Federal,281,225,215,213,"80,07","76,51","75,8","515,51","537,34","505,55","515,4",584,"534,25","111,47",128,"112,71","119,47","112,36",225,210,0,5,5,0,1,0,4,0,"93,33",0,"2,22","2,22",0,"0,44",0,"1,78",0
2025,RR,Privada,353,322,317,314,"91,22","89,8","88,95","550,62","561,38","530,28","557,23","660,62","574,46","126,02","141,99","126,27","138,01","128,32",322,314,0,2,5,0,0,0,1,0,"97,52",0,"0,62","1,55",0,0,0,"0,31",0
2025,RS,Estadual,48278,36306,33408,33317,"75,2","69,2","69,01","502,98","530,77","484,2","511,33","562,58","522,63","111,62","125,82","108,66","115,07","101,41",36306,34018,30,331,1508,0,100,46,248,25,"93,7","0,08","0,91","4,15",0,"0,28","0,13","0,68","0,07"
2025,RS,Federal,5041,4603,4423,4416,"91,31","87,74","87,6","564,02","579,31","542,78","614,1","666,3","595,46","126,82","145,02","125,32","135,09","134,05",4603,4471,2,9,98,0,2,1,20,0,"97,13","0,04","0,2","2,13",0,"0,04","0,02","0,43",0
2025,RS,Municipal,419,300,280,280,"71,6","66,83","66,83","508,38","529,32",493,"516,05","566,2","527,81","109,73","126,13",110,"116,93","103,4",300,282,0,1,15,0,1,0,1,0,94,0,"0,33",5,0,"0,33",0,"0,33",0
2025,RS,Privada,11225,10364,10056,10040,"92,33","89,59","89,44","572,54","587,67","550,11","632,7","732,79","617,41","136,27","155,79","137,35","150,36","153,02",10364,10203,1,13,107,0,7,7,22,4,"98,45","0,01","0,13","1,03",0,"0,07","0,07","0,21","0,04"
2025,SC,Estadual,36245,25586,23216,23150,"70,59","64,05","63,87","507,5","531,39","489,4","504,28","550,04","521,11","110,18","124,34","106,71","112,21","96,6",25586,23962,8,224,1154,0,64,17,147,10,"93,65","0,03","0,88","4,51",0,"0,25","0,07","0,57","0,04"
2025,SC,Federal,3421,3026,2917,2912,"88,45","85,27","85,12","569,15","579,18","552,21","620,82","667,75","600,14",127,"144,94","126,03","134,58","135,2",3026,2943,1,4,71,0,1,0,5,1,"97,26","0,03","0,13","2,35",0,"0,03",0,"0,17","0,03"
2025,SC,Municipal,97,59,56,56,"60,82","57,73","57,73","550,91","566,08","516,83","562,41","583,73","556,42","115,25","132,2","108,14","115,25","112,88",59,57,0,0,1,0,0,1,0,0,"96,61",0,0,"1,69",0,0,"1,69",0,0
2025,SC,Privada,10514,9488,9175,9164,"90,24","87,26","87,16","571,94","583,54","557,59","636,83","716,63","615,23","134,64","152,58","134,79","147,45","147,18",9488,9347,2,21,93,0,3,1,20,1,"98,51","0,02","0,22","0,98",0,"0,03","0,01","0,21","0,01"
2025,SE,Estadual,17464,14710,14198,14169,"84,23","81,3","81,13","473,06","496,36","467,56","461,24","533,23","488,75","101,7","117,99","102,17","110,09","101,27",14710,12932,16,452,1039,0,96,24,126,25,"87,91","0,11","3,07","7,06",0,"0,65","0,16","0,86","0,17"
2025,SE,Federal,595,575,567,565,"96,64","95,29","94,96","517,09","537,43","511,25","522,92","644,21","547,54","120,31","138,99","121,91","131,44","131,55",575,563,0,0,10,0,0,0,2,0,"97,91",0,0,"1,74",0,0,0,"0,35",0
2025,SE,Privada,3138,3056,3018,3017,"97,39","96,18","96,14","564,95","572,75","554,21","606,54","760,77","612,87","137,74","159,3","142,79","157,7","163,24",3056,3004,0,24,24,0,0,0,4,0,"98,3",0,"0,79","0,79",0,0,0,"0,13",0
2025,SP,Estadual,245235,168063,158371,157873,"68,53","64,58","64,38","502,48","532,96","485,46","513,85","545,94","519,04","109,67","125,44","106,82","111,89","92,13",168063,160410,94,2605,3537,0,329,257,662,169,"95,45","0,06","1,55","2,1",0,"0,2","0,15","0,39","0,1"
2025,SP,Federal,3819,3604,3533,3519,"94,37","92,51","92,14","574,52","587,19","554,24","642,7","682,48","609,36","129,32","147,93","128,77","138,54","137,91",3604,3546,0,4,39,0,3,0,12,0,"98,39",0,"0,11","1,08",0,"0,08",0,"0,33",0
2025,SP,Municipal,5834,4522,4303,4290,"77,51","73,76","73,53","517,55","544,46","499,45","533,67","589,18","539,53","116,05","133,21","113,47","120,17","106,28",4522,4397,2,27,58,0,12,8,14,4,"97,24","0,04","0,6","1,28",0,"0,27","0,18","0,31","0,09"
2025,SP,Privada,80107,75213,73634,73499,"93,89","91,92","91,75","566,61","581,15","551,03","623,49","707,44","607,13","132,86","151,66","133,2","144,84","144,87",75213,74506,13,189,363,0,29,12,91,10,"99,06","0,02","0,25","0,48",0,"0,04","0,02","0,12","0,01"
2025,TO,Estadual,12484,8810,8261,8226,"70,57","66,17","65,89","469,56","491,07","459,75","455,15","499,72","478,49","98,01","112,27","97,6","104,42","87,42",8810,7744,9,381,505,0,73,20,67,11,"87,9","0,1","4,32","5,73",0,"0,83","0,23","0,76","0,12"
2025,TO,Federal,811,750,729,728,"92,48","89,89","89,77","531,32","541,58","512,91","533,25","646,69","554,15","121,95","142,08","123,23","131,28","128,16",750,733,0,2,12,0,0,0,2,1,"97,73",0,"0,27","1,6",0,0,0,"0,27","0,13"
2025,TO,Municipal,2,0,0,0,0,0,0,,,,,,,,,,,,0,0,0,0,0,0,0,0,0,0,,,,,,,,,
2025,TO,Privada,1067,884,859,858,"82,85","80,51","80,41","556,01","565,69","541,48","592,82","728,85","598,91","134,86","153,64","136,49","151,45","152,4",884,864,0,3,13,0,0,0,4,0,"97,74",0,"0,34","1,47",0,0,0,"0,45",0